Entity,Code,Year,Average student's performance,Mathematics score,Reading score,Science score,Number of Internet users,Happiness score,Academic freedom index,Gross enrolment ratio in primary education,Gross enrolment ratio in secondary education,Population,Ratio of internet users by population,scaled Happiness score,scaled Academic freedom index,scaled Gross enrolment ratio in primary education,scaled Gross enrolment ratio in secondary education
Albania,ALB,2000,348.84952,,348.84952,,3612.4407,,0.843,101.86939,98.09378,3166147,0.11409579845787325,,86.0204081632653,79.48301478297736,59.78418308845048
Albania,ALB,2009,384.3244666666666,377.46106,384.8166,390.69574,1220111.6,,0.843,100.92374,89.31572,2961487,41.199289411028985,,86.0204081632653,78.74517672456236,54.434311300439006
Albania,ALB,2012,395.22227,394.32935,393.96426,397.3732,1437513.9,5.55,0.843,102.06736,97.60807,2910003,49.3990521659256,71.11737570476679,86.0204081632653,79.63747975461001,59.4881625296761
Albania,ALB,2015,415.21358,413.157,405.25876,427.22498,1649297.1,4.655,0.861,105.68865,102.44073,2898634,56.899115238419206,59.64889800102512,87.85714285714286,82.46297077407571,62.433472927993215
Albania,ALB,2018,419.79253666666665,437.222,405.42935,416.72626,1892794.4,4.719,0.859,104.56802,98.82239,2894229,65.39891625714482,60.46899026140441,87.65306122448979,81.58860556136317,60.22824135228817
Albania,ALB,2022,367.5413966666667,368.2217,358.43475,375.96774,2252189,5.277,0.824,96.37123,97.32247,2827614,79.64980368607596,67.61916965658637,84.08163265306122,75.19310657248181,59.3141009052789
Algeria,DZA,2015,361.7368666666666,359.60623,349.85925,375.74512,15287439,6.355,0.326,109.58479,103.64269,40019528,38.199948285247146,81.43259866735008,33.265306122448976,85.50291194989457,63.16601883156624
Argentina,ARG,2000,418.2507,,418.2507,,2619370.8,,0.925,116.5583,96.21412,37213986,7.038673040829327,,94.38775510204083,90.94395364474757,58.63860650261561
Argentina,ARG,2006,382.0738666666667,381.2539,373.7238,391.2439,8291788.5,,0.954,116.18785,92.40758,39622113,20.927173924318474,,97.34693877551021,90.65491212966286,56.318674654811296
Argentina,ARG,2009,395.72251,388.0681,398.2609,400.83853,13890626,,0.954,118.29331,96.40568,40854832,33.99995868297781,,97.34693877551021,92.29768537396096,58.75535455853132
Argentina,ARG,2012,396.68095,388.4317,395.97913,405.63202,23526214,6.562,0.949,116.43644,102.70999,42161718,55.79994154887142,84.08508457201435,96.83673469387755,90.848873069695,62.59757598466405
Argentina,ARG,2015,422.1875733333333,409.03333,425.30313,432.22626,29583054,6.65,0.949,112.93665,107.50487,43477011,68.04298023155272,85.21271143003588,96.83673469387755,88.11818173732013,65.51986100423561
Argentina,ARG,2018,395.00945666666667,379.45383,401.5031,404.07144,34696796,6.086,0.873,109.30546,109.67124,44654876,77.69990448523471,77.98564838544337,89.08163265306122,85.28496629890628,66.84017571447846
Argentina,ARG,2022,394.82147333333336,377.52902,400.74405,406.19135,42494454,6.024,0.945,106.75983,114.14812,45407904,93.58382628715917,77.19118400820092,96.42857142857143,83.29875290426448,69.56865262285149
Australia,AUS,2000,528.2785,,528.2785,,8945579,,0.904,101.58354,98.09378,19132472,46.75600204720018,,92.24489795918367,79.25998193890405,59.78418308845048
Australia,AUS,2003,524.8465,524.266,525.427,,11267659.5,,0.904,102.85476,101.22678,19819449,56.851527507147146,,92.24489795918367,80.25184414650553,61.69361960538474
Australia,AUS,2006,519.8935666666666,519.9078,512.8933,526.8796,13589740,,0.904,103.56256,97.346085,20590566,65.9998370127368,,92.24489795918367,80.80410108908065,59.328493290643536
Australia,AUS,2009,518.8371933333333,514.34045,514.90063,527.2705,16173846,,0.908,105.21563,98.96756,21783014,74.24980767124329,,92.65306122448979,82.09389959722226,60.31671658342872
Australia,AUS,2012,512.48317,504.15076,511.804,521.49475,18053552,7.35,0.908,105.66972,100.10873,22852648,78.99982531564832,94.18247052793438,92.65306122448979,82.44820074875366,61.01221344587042
Australia,AUS,2015,502.26356,493.89624,502.90057,509.99387,20250514,7.313,0.878,101.66549,159.11076,23947997,84.5603663638341,93.7083546899026,89.59183673469387,79.32392296241922,96.97155933008702
Australia,AUS,2018,498.98543,491.36002,502.6317,502.96457,22607686,7.228,0.878,100.39871,136.10555,25119700,89.99982483867244,92.61916965658637,89.59183673469387,78.33552503967931,82.95081625516166
Australia,AUS,2022,497.37868,487.08426,498.05093,507.00085,25631693,7.095,0.887,99.13299,133.27727,26200987,97.82720399044508,90.91491542798565,90.51020408163265,77.34795417593791,81.22709422767527
Austria,AUT,2000,492.056,,492.056,,2702752.5,,0.974,101.86939,98.61234,8012929,33.72989452421206,,99.38775510204081,79.48301478297736,60.10022439078736
Austria,AUT,2003,498.15212,505.611,490.69324,,3468329.2,,0.975,102.38444,99.39745,8122604,42.69972043448136,,99.48979591836735,79.8848796293652,60.5787171146336
Austria,AUT,2006,502.1715766666667,505.4836,490.19397,510.83716,5259625.5,,0.976,102.3109,100.41668,8269901,63.59961866532622,,99.59183673469387,79.82750046073429,61.19989648940375
Austria,AUT,2009,486.8399866666667,495.90866,470.28363,494.32767,6129416,,0.976,101.36131,100.59409,8345073,73.44951925525397,,99.59183673469387,79.08658823962676,61.30802069383059
Austria,AUT,2012,500.31044333333335,505.54074,489.60934,505.78125,6747760.5,7.369,0.976,100.33511,100.10873,8431599,80.02942858169607,94.42593541773448,99.59183673469387,78.28590149977005,61.01221344587042
Austria,AUT,2015,492.21512,496.74228,484.8656,495.03748,7255769.5,7.119,0.976,101.10439,101.41158,8644037,83.93959327106073,91.22245002562788,99.59183673469387,78.88612786425745,61.80624771528881
Austria,AUT,2018,491.03844333333336,498.94232,484.39258,489.78043,7734562,7.246,0.976,101.3703,100.6926,8841653,87.47868752596375,92.84982060481805,99.59183673469387,79.09360263622715,61.3680585461393
Austria,AUT,2022,486.3147733333333,487.2675,480.40585,491.27097,8852742,7.097,0.932,100.77563,101.458,9064678,97.6619577661777,90.9405433111225,95.10204081632654,78.62961473563215,61.83453882384805
Belarus,BLR,2018,472.3057533333333,471.86514,473.78845,471.26367,7501496,5.323,0.192,98.22608,101.59601,9480031,79.12944588472337,68.20861096873398,19.591836734693878,76.64034278318461,61.91865032518928
Belgium,BEL,2000,507.1259,,507.1259,,3017240.5,,0.969,102.90737,146.91978,10251719,29.431556795499368,,98.87755102040816,80.29289280113802,89.54165113052903
Belgium,BEL,2003,518.13689,529.28644,506.98734,,5184991,,0.969,103.77694,158.87923,10376262,49.969738620709464,,98.87755102040816,80.97136987030309,96.83045117918827
Belgium,BEL,2006,510.5377,520.349,500.9006,510.3635,6538093.5,,0.969,102.7934,158.6851,10548445,61.98158591147794,,98.87755102040816,80.20396835391384,96.71213681243678
Belgium,BEL,2009,509.2645433333333,515.2723,505.9458,506.57553,8060371,,0.969,102.25946,159.66154,10812936,74.5437779341337,,98.87755102040816,79.78736469197749,97.3072374165208
Belgium,BEL,2012,509.3382633333333,514.52924,508.6179,504.86765,8965955,6.967,0.969,101.52036,160.11053,11107522,80.71966906750218,89.27473090722705,98.87755102040816,79.21068610161683,97.58087862358698
Belgium,BEL,2015,502.50277,506.98438,498.5242,501.99973,9589958,6.929,0.969,102.24383,164.07982,11275332,85.05255543694855,88.78780112762685,98.87755102040816,79.77516947297147,100
Belgium,BEL,2018,499.9026233333333,508.0703,492.86444,498.77313,10131119,6.923,0.969,102.50037,156.50977,11428608,88.64700757957574,88.7109174782163,98.87755102040816,79.97533335549227,95.38636134535008
Belgium,BEL,2022,486.30594,489.48682,478.85266,490.57834,11711981,6.859,0.972,102.17699,142.91808,11641814,100.6027153500305,87.890825217837,99.18367346938776,79.72301794140645,87.10277717271995
Bosnia and Herz.,BIH,2018,402.61995,406.3844,402.9778,398.49765,2374926.8,5.386,0.765,99.71658,85.64099,3386999,70.11891057540907,69.01588928754485,78.06122448979592,77.80329696926569,52.19471230526703
Brazil,BRA,2000,396.02908,,396.02908,,4995515.5,,0.912,101.86939,98.09378,174018278,2.8706843656963437,,93.06122448979592,79.48301478297736,59.78418308845048
Brazil,BRA,2003,379.40604,356.01578,402.7963,,23855892,,0.912,103.66805,101.22678,180622688,13.20758331312177,,93.06122448979592,80.88640906431694,61.69361960538474
Brazil,BRA,2006,384.24390666666665,369.51505,392.8851,390.33157,52595810,,0.912,102.3109,97.346085,186653099,28.178374900702828,,93.06122448979592,79.82750046073429,59.328493290643536
Brazil,BRA,2009,400.9910066666667,385.81412,411.7549,405.404,75333740,,0.912,101.703565,98.96756,192079958,39.21998983360877,,93.06122448979592,79.35363076559602,60.31671658342872
Brazil,BRA,2012,398.88728,388.50897,406.53317,401.6197,95603016,6.849,0.921,104.78223,94.32098,196876113,48.5599875694417,87.76268580215275,93.9795918367347,81.75574170104812,57.484814403136234
Brazil,BRA,2015,395.0334066666667,377.06952,407.3486,400.6821,117633180,6.952,0.885,109.15218,100.92052,201675534,58.327937785452946,89.08252178370066,90.3061224489796,85.16537044674762,61.50696654835433
Brazil,BRA,2018,400.02112666666665,383.56912,412.87332,403.62094,145170130,6.3,0.52,108.62329,105.00707,206107265,70.43426149970988,80.72783188108662,53.06122448979592,84.75270701871914,63.997553142123145
Brazil,BRA,2022,397.3498666666667,378.69138,410.357,403.00122,176320044,6.125,0.465,103.97032,106.03119,210306411,83.83959536069493,78.485392106612,47.44897959183674,81.12225352042344,64.62171277369757
Brunei,BRN,2018,423.05577,430.11298,408.06995,430.98438,415886.25,,0.888,104.17999,89.18181,437811,94.99218841006736,,90.61224489795919,81.28584735081299,54.35269858292141
Brunei,BRN,2022,439.0600333333333,442.0931,429.2319,445.8551,415886,,0.8494999999999999,99.13491,89.851364,455374,91.32844650770575,,86.68367346938774,77.34945224506725,54.76076460834732
Bulgaria,BGR,2000,430.40344,,430.40344,,429699.44,,0.917,104.70467,79.87591,8000519,5.370894563215211,,93.57142857142857,81.69522595017764,48.681129708699096
Bulgaria,BGR,2006,416.4879666666667,413.44916,401.93497,434.07977,2069741.9,,0.942,108.82319,92.41201,7640292,27.089827195086258,,96.12244897959184,84.90867786192452,56.32137456025975
Bulgaria,BGR,2009,432.14713,428.06613,429.0811,439.29416,3369584.8,,0.94,102.06191,92.52138,7488016,44.99970085534005,,95.91836734693877,79.63322742296685,56.388031142403726
Bulgaria,BGR,2012,440.4442333333333,438.73825,436.12573,446.46872,3797508.5,3.981,0.917,100.36308,95.39035,7317020,51.89965997086246,51.01230138390569,93.57142857142857,78.3077249339094,58.136552075690965
Bulgaria,BGR,2015,439.5598,441.1899,431.71753,445.77197,4066481.5,4.217,0.912,99.12722,103.88934,7177515,56.6558411929477,54.03639159405432,93.06122448979592,77.34345216610652,63.31634200963896
Bulgaria,BGR,2018,426.6527133333333,436.04056,419.844,424.07358,4550733.5,5.011,0.904,96.79232,104.04392,7024745,64.78147605357917,64.21066119938493,92.24489795918367,75.52165966085275,63.41055225438448
Bulgaria,BGR,2022,414.20029,417.3039,404.30374,420.99323,5431004,5.466,0.854,95.88852,96.67207,6825862,79.56510108173883,70.04100461301897,87.14285714285714,74.81647482799123,58.91770846652562
Cambodia,KHM,2022,337.44765333333334,336.39603,328.84277,347.10416,13440000,4.393,0.247,106.33154,55.13468,17201721,78.13171716946229,56.29164531009738,25.204081632653065,82.96458205665853,33.602352806091574
Canada,CAN,2000,534.31274,,534.31274,,15847471,,0.925,99.41776,101.99274,30891800,51.299927488848176,,94.38775510204083,77.57014435612598,62.16044118039622
Canada,CAN,2003,530.2002,532.48676,527.91364,,20438990,,0.925,103.66805,101.22678,31836483,64.19989921625451,,94.38775510204083,80.88640906431694,61.69361960538474
Canada,CAN,2006,529.4961,527.0072,527.0113,534.4698,23717604,,0.914,99.76953,100.44931,32759174,72.3998840752212,,93.26530612244899,77.84461090697317,61.21978315188302
Canada,CAN,2009,526.5839866666666,526.8052,524.2418,528.70496,27162538,,0.914,99.60734,102.97995,33826370,80.29989029269177,,93.26530612244899,77.71806307776117,62.76210566296331
Canada,CAN,2012,522.2119,518.0704,523.124,525.4413,28985646,7.477,0.914,99.49075,110.87383,34922513,82.99988606203684,95.80984110712456,93.26530612244899,77.62709439037091,67.57310557751708
Canada,CAN,2015,523.3399666666667,515.6474,526.6678,527.7047,32365964,7.404,0.916,99.86026,111.73728,35962236,89.99986541437524,94.87442337262941,93.46938775510205,77.9154024757777,68.09934335617871
Canada,CAN,2018,516.7000566666667,512.01697,520.0855,517.9977,35295932,7.278,0.916,98.66178,111.83368,37294996,94.63985999623114,93.25986673500768,93.46938775510205,76.98029524133658,68.15809524900746
Canada,CAN,2022,506.36582,496.9479,507.1329,515.01666,39617812,6.961,0.869,94.74498,107.47938,38821259,102.05184741690114,89.1978472578165,88.6734693877551,73.9242342174906,65.50432588236627
Chile,CHL,2000,409.5568,,409.5568,,2573594.2,,0.963,101.36356,86.90136,15503638,16.599937382438885,,98.26530612244898,79.08834378938771,52.96285673643474
Chile,CHL,2006,430.5397133333333,411.35034,442.09134,438.17746,5695283,,0.963,105.66822,91.99733,16509195,34.497642071584956,,98.26530612244898,82.44703038224638,56.06864390758107
Chile,CHL,2009,439.29915,421.0605,449.3696,447.46735,7069225,,0.963,105.76389,89.85976,17009730,41.55988954557186,,98.26530612244898,82.52167635808159,54.765881630050536
Chile,CHL,2012,436.32148,422.63235,441.39816,444.93393,9644246,6.587,0.965,103.36978,89.50314,17519116,55.049843839152615,84.40543311122501,98.46938775510205,80.65368558556322,54.548536194152334
Chile,CHL,2015,442.73275666666666,422.67136,458.57086,446.95605,13829783,6.705,0.965,101.71251,100.92168,18047630,76.6293579821838,85.91747821629934,98.46938775510205,79.36061005120119,61.50767352133857
Chile,CHL,2018,437.7538866666667,417.40656,452.27255,443.58255,16040277,6.444,0.965,101.53802,103.17305,18893185,84.89980381814924,82.57303946694002,98.46938775510205,79.22446521662937,62.87979228646156
Chile,CHL,2022,434.4063,411.69656,447.97894,443.5434,19215167,6.334,0.954,100.19227,106.06833,19553033,98.2720532410496,81.1635058944131,97.34693877551021,78.17445139850213,64.64434809838284
Colombia,COL,2006,381.10827666666665,369.97852,385.30804,388.03827,6549518,,0.613,124.61949,90.28767,42691081,15.341654150195916,,62.55102040816326,97.23365150136955,55.02667543150645
Colombia,COL,2009,398.5932733333333,380.8482,413.1815,401.75012,13281449,,0.684,128.16498,98.27008,44271543,29.999968602856242,,69.79591836734694,100,59.891630792866536
Colombia,COL,2012,392.8565833333333,376.4886,403.40253,398.67862,22391582,6.416,0.724,118.63997,97.23269,45715807,48.979955663912925,82.2142491030241,73.87755102040816,92.56816487623998,59.25938363413612
Colombia,COL,2015,410.09259,389.64383,424.90518,415.72876,26258506,6.481,0.721,115.49708,97.67412,46969938,55.904919440174695,83.04715530497181,73.57142857142857,90.11594274816723,59.5284173276153
Colombia,COL,2018,405.5167833333333,390.93228,412.29507,413.323,31437578,6.125,0.7,111.69918,100.37334,49024463,64.1263077170269,78.485392106612,71.42857142857143,87.15265277613275,61.17348251600958
Colombia,COL,2022,400.82751666666667,382.69684,408.66504,411.12067,39733598,5.63,0.704,104.83047,101.57378,51737944,76.79779080513907,72.14249103024089,71.83673469387755,81.7933806879227,61.905102041189465
Costa Rica,CRI,2012,425.63289333333336,406.99988,440.54782,429.35098,2215347.8,7.257,0.921,107.54409,103.2673,4663930,47.499593690299804,92.99077396207073,93.9795918367347,83.91066732893805,62.93723384143156
Costa Rica,CRI,2015,415.7829933333333,400.2534,427.48755,419.60803,2879376.5,7.087,0.921,103.75465,115.72087,4818045,59.76234136459912,90.81240389543824,93.9795918367347,80.95397822400471,70.52718000300098
Costa Rica,CRI,2018,414.81709,402.33057,426.49823,415.62247,3642951.5,7.167,0.919,105.51352,125.96435,4957813,73.47900172918986,91.83751922091234,93.77551020408164,82.32632658312745,76.77016588633508
Costa Rica,CRI,2022,403.5985933333333,384.57605,415.2331,410.98663,4594687,6.609,0.912,106.19713,131.9076,5081764,90.41519834451186,84.68733982573039,93.06122448979592,82.8597094151616,80.39233587652643
Croatia,HRV,2006,479.27177666666665,467.2467,477.36423,493.2044,1639122.2,,0.91,99.38455,99.03451,4315802,37.979550498377826,,92.85714285714286,77.54423244165449,60.357519894890174
Croatia,HRV,2009,474.0170766666666,459.9389,475.7489,486.36343,2180246.5,,0.904,97.97461,98.93942,4310537,50.57946376518749,,92.24489795918367,76.44413473945846,60.29956639396605
Croatia,HRV,2012,482.3510333333333,471.13147,484.56503,491.3566,2638135.5,5.661,0.882,98.71564,99.34639,4259233,61.93921534698853,72.53972321886212,90,77.02231920139182,60.54759811413737
Croatia,HRV,2015,475.43149,464.0401,486.8632,475.39117,2922093.8,5.488,0.861,99.49077,102.98133,4183732,69.84419174077115,70.32291132752435,87.85714285714286,77.62710999525765,62.762946717030765
Croatia,HRV,2018,471.85201666666666,464.20428,478.98917,472.3626,3030473,5.432,0.846,98.88121,104.96008,4024868,75.29372391839931,69.60533059969248,86.3265306122449,77.15150425646694,63.96891464166647
Croatia,HRV,2022,473.7571933333333,463.1052,475.49893,482.66745,3494257,6.125,0.84,100.52798,105.5778,3907031,89.43509790426542,78.485392106612,85.71428571428571,78.43638722527791,64.34538994496702
Cyprus,CYP,2012,442.1086,439.69638,448.95297,437.67645,707254.9,6.466,0.951,100.17535,95.29985,1165403,60.687581892272455,82.85494618144541,97.0408163265306,78.16124966429986,58.08139599373037
Cyprus,CYP,2015,437.5122233333333,437.1285,442.83142,432.57675,874537.6,5.546,0.955,99.30012,99.77831,1219504,71.71256510843753,71.06611993849307,97.44897959183673,77.4783564121806,60.810835848064684
Cyprus,CYP,2018,438.01649,450.68298,424.35825,439.00824,1072897.6,6.046,0.95,99.79544,100.25352,1270743,84.43073068275805,77.4730907227063,96.93877551020408,77.86482703777583,61.10045708241268
Cyprus,CYP,2022,403.4283,418.30667,381.0757,410.90253,1316659,6.13,0.926,97.00164,104.00572,1331376,98.89460227614137,78.54946181445412,94.48979591836736,75.68498040572392,63.38727090266188
Czechia,CZE,2000,491.57703,,491.57703,,1001208.5,,0.947,103.40755,89.39952,10236809,9.780474559992278,,96.63265306122449,80.68315541421688,54.48538400395611
Czechia,CZE,2003,502.49865,516.455,488.5423,,3515356.2,,0.947,106.40998,96.04711,10248907,34.29981558033457,,96.63265306122449,83.02578442254662,58.53682067666822
Czechia,CZE,2006,501.81173,509.85934,482.71515,512.8607,4938967,,0.947,104.37278,97.45972,10304592,47.92976762204656,,96.63265306122449,81.43627065677379,59.397749217423566
Czechia,CZE,2009,490.49929,492.8141,478.1867,500.49707,6714206,,0.947,101.47893,97.9063,10420985,64.4296676369844,,96.63265306122449,79.17836057868537,59.66992162716902
Czechia,CZE,2012,500.0489033333333,498.9579,492.88974,508.29907,7715501.5,6.29,0.947,99.35858,99.77496,10507339,73.42964284296909,80.59969246540236,96.63265306122449,77.52396949619154,60.80879415884293
Czechia,CZE,2015,490.80188,492.32544,487.25015,492.83005,7963666.5,6.596,0.939,96.96155,104.81052,10524418,75.66847401918092,84.52075858534084,95.81632653061224,75.65370041020564,63.877763883456225
Czechia,CZE,2018,495.49259,499.46765,490.2188,496.79132,8511696,6.852,0.936,98.27276,101.51489,10548934,80.68773584136558,87.80112762685802,95.51020408163266,76.6767645888916,61.86921097304957
Czechia,CZE,2022,491.11496666666665,486.9992,488.60367,497.74203,10180693,6.845,0.976,100.97535,102.93556,10673216,95.3854302208444,87.71143003587903,99.59183673469387,78.78544513485664,62.73505175712649
Denmark,DNK,2000,496.87097,,496.87097,,2091656.6,,0.966,99.67105,126.85309,5339659,39.17210069032498,,98.57142857142857,77.76777244454763,77.31181689497221
Denmark,DNK,2003,503.30553,514.28766,492.3234,,4110842.8,,0.935,103.66805,124.61947,5390621,76.25916939810831,,95.40816326530613,80.88640906431694,75.95051603542716
Denmark,DNK,2006,501.13441,513.02594,494.48297,495.89432,4711490,,0.933,99.34604,118.17348,5437425,86.64928711660392,,95.20408163265307,77.51418523219057,72.02194639170129
Denmark,DNK,2009,499.1770966666666,503.27814,494.91617,499.33698,4796276.5,,0.933,100.00246,117.13189,5523169,86.83921314013749,,95.20408163265307,78.02635322066917,71.38713950320033
Denmark,DNK,2012,498.21062,500.02676,496.1309,498.4742,5159057,7.693,0.955,101.51066,124.57719,5591911,92.2592830966015,98.57765248590465,97.44897959183673,79.20311773153634,75.9247480890703
Denmark,DNK,2015,504.27971,511.08765,499.81458,501.9369,5475080,7.526,0.955,100.88214,133.79547,5683698,96.32953756515565,96.43772424397744,97.44897959183673,78.71271856009339,81.54291612460325
Denmark,DNK,2018,501.0551133333333,509.39838,501.12994,492.63702,5638442,7.6,0.948,100.74901,129.84956,5793824,97.31814428605357,97.385955920041,96.73469387755101,78.60884463134936,79.13804391057961
Denmark,DNK,2022,490.63018666666665,489.27386,488.801,493.8157,6426617,7.586,0.916,100.24445,130.327,5902901,108.87217996710432,97.20656073808304,93.46938775510205,78.21516454806921,79.42902423954389
Dominican Rep.,DOM,2015,339.02618333333334,327.70203,357.7377,331.63882,5657291.5,5.155,0.848,112.01349,79.93789,10434826,54.215484762275864,66.05586878523833,86.53061224489795,87.39789137407114,48.718904006598734
Dominican Rep.,DOM,2018,334.1187,325.10056,341.6256,335.62994,8067312,5.425,0.858,105.8584,80.21593,10782048,74.82170363181466,69.51563300871348,87.55102040816325,82.59541725048449,48.88835811740895
Dominican Rep.,DOM,2022,350.28186666666664,339.10724,351.3123,360.42606,11280673,5.569,0.907,100.49229,76.52832,11230734,100.44466372367114,71.3608405945669,92.55102040816327,78.40854030484769,46.64090928427395
El Salvador,SLV,2022,360.5047033333333,343.46912,364.90366,373.14133,,6.122,0.291,89.2831,65.22678,6280316,,78.44695028190671,29.69387755102041,69.6626332715848,39.75307871498153
Estonia,EST,2006,515.5723333333333,514.57544,500.74976,531.3918,855373.6,,0.975,102.76178,104.02803,1346885,63.50754518759953,,99.48979591836735,80.17929702794008,63.400867943419236
Estonia,EST,2009,513.6325833333333,512.1042,500.96185,527.8317,967503.06,,0.975,100.18112,107.42555,1334528,72.49777149673892,,99.48979591836735,78.16575167413126,65.47151867914043
Estonia,EST,2012,526.08151,520.54553,516.2942,541.4048,1036761.6,5.426,0.975,98.31961,112.536,1322615,78.38725555055703,69.5284469502819,99.48979591836735,76.71331903613607,68.58613082340045
Estonia,EST,2015,524.2885666666667,519.5291,519.1429,534.1937,1162179.1,5.517,0.975,97.11915,108.1888,1314580,88.40687519968355,70.69451563300872,99.48979591836735,75.77666691790535,65.93668861899043
Estonia,EST,2018,525.5131933333333,523.41455,523.017,530.10803,1181226.4,5.893,0.973,97.45595,112.7597,1321972,89.35335998039292,75.51255766273705,99.28571428571429,76.03945321100974,68.72246690665554
Estonia,EST,2022,515.5963533333334,509.94696,511.03033,525.81177,1289844,6.455,0.972,99.26382,112.55185,1350093,95.53741853338991,82.71399282419272,99.18367346938776,77.45003354270409,68.59579075598693
Finland,FIN,2000,546.4691,,546.4691,,1928034.8,,0.943,99.71709,125.49305,5176197,37.24809546468189,,96.22448979591837,77.80369489387817,76.48292763851154
Finland,FIN,2003,543.87585,544.2892,543.4625,,3608380.5,,0.943,99.68957,132.23541,5212958,69.21944316451427,,96.22448979591837,77.78222256969103,80.59212278511762
Finland,FIN,2006,552.8498333333333,548.3584,546.8683,563.3228,4195053.5,,0.943,99.76595,110.27704,5266248,79.65924696292312,,96.22448979591837,77.84181763224244,67.20938626090643
Finland,FIN,2009,543.4872766666667,540.50433,535.878,554.0795,4403976,,0.943,99.66419,107.70229,5338854,82.48916340473068,,96.22448979591837,77.76241996838762,65.64018049264071
Finland,FIN,2012,529.4046433333333,518.7503,524.02167,545.44196,4866034.5,7.389,0.938,99.70712,109.96268,5413978,89.87909629481317,94.68221424910303,95.71428571428571,77.79591585782637,67.01779658217568
Finland,FIN,2015,522.7209033333334,511.07684,526.42474,530.66113,4735642.5,7.413,0.938,99.56723,150.81921,5479719,86.42126539700303,94.98974884674526,95.71428571428571,77.68676747735613,91.91819566842527
Finland,FIN,2018,516.4215666666666,507.30136,520.07874,521.8846,4902890.5,7.769,0.938,99.7032,153.65143,5515730,88.88924040879448,99.55151204510507,95.71428571428571,77.79285730002063,93.64431896622023
Finland,FIN,2022,495.1052533333333,484.13922,490.21768,510.95886,5563970,7.804,0.943,98.61902,144.85246,5569300,99.90429676979153,100,96.22448979591837,76.94693199343533,88.28170338070824
France,FRA,2000,504.7424,,504.7424,,8510879,,0.883,100.42826,105.59022,59483716,14.307914118882554,,90.10204081632654,78.358581259873,64.35295943157422
France,FRA,2003,503.494125,510.79947,496.18878,,21951824,,0.886,99.97545,102.7721,60741119,36.13997298930236,,90.40816326530613,78.00527882109448,62.635429512294685
France,FRA,2006,492.8214733333333,495.53833,487.70624,495.21985,29082736,,0.886,104.27885,106.92752,62049831,46.86996810676245,,90.40816326530613,81.36298230608703,65.16798957970578
France,FRA,2009,496.8752566666667,496.78232,495.61655,498.2269,45171564,,0.894,103.04114,106.23923,63106460,71.5799365072926,,91.22448979591837,80.3972660862585,64.74850472166534
France,FRA,2012,499.8123533333333,494.98468,505.48148,498.9709,52169180,6.764,0.894,102.52316,105.81358,64058465,81.43994708583791,86.6735007688365,91.22448979591837,79.99311512395975,64.48908829860979
France,FRA,2015,495.73471666666666,492.9204,499.30615,494.9776,50638624,6.478,0.894,101.98964,103.39604,64916337,78.00597867991227,83.00871348026652,91.22448979591837,79.57683916464543,63.01569565349352
France,FRA,2018,493.66372,495.4076,492.60648,492.97708,53754270,6.592,0.894,102.46441,103.77333,65519537,82.043116391375,84.46950281906713,91.22448979591837,79.94727576909074,63.24563861661964
France,FRA,2022,478.34062666666665,473.94443,473.85217,487.22528,63808357,6.661,0.896,102.72058,104.25625,66277412,96.27466594501306,85.35366478728857,91.42857142857143,80.14715096120639,63.539958783475015
Georgia,GEO,2015,405.4176333333333,403.83322,401.28815,411.13153,1803614.5,4.252,0.872,107.80011,106.76416,3791570,47.56906769491266,54.48487954894925,88.9795918367347,84.11042548440298,65.06842828082088
Georgia,GEO,2018,386.6674966666666,397.58636,379.75253,382.6636,2380039.8,4.519,0.879,100.78684,111.61683,3794881,62.71711286862486,57.90620194771912,89.6938775510204,78.63836127466331,68.02593396311623
Georgia,GEO,2022,382.6500033333333,390.02423,373.85834,384.06744,3148607,5.109,0.852,102.72783,103.71021,3794782,82.9720126215419,65.46642747309072,86.93877551020408,80.15280773265832,63.207169534925136
Germany,DEU,2000,483.9908,,483.9908,,24716126,,0.965,105.39204,99.12943,81797255,30.216326941533673,,98.46938775510205,82.23154250092341,60.41536978770454
Germany,DEU,2003,497.171765,502.98553,491.358,,45900364,,0.965,103.66805,101.22678,82111619,55.899962220937326,,98.46938775510205,80.88640906431694,61.69361960538474
Germany,DEU,2006,504.7947966666667,503.79086,494.94443,515.6491,58956108,,0.965,104.26264,102.4864,81701971,72.15995805046123,,98.46938775510205,81.35033454536487,62.46130694195057
Germany,DEU,2009,510.1626766666667,512.77765,497.30505,520.40533,63938824,,0.965,104.81651,103.31429,80935276,78.99994558614961,,98.46938775510205,81.78248847696148,62.96587234188823
Germany,DEU,2012,515.10748,513.5251,507.67654,524.1208,66634604,6.672,0.965,104.14055,104.44224,80916391,82.34994563709594,85.49461814454126,98.46938775510205,81.25507451411454,63.6533121501474
Germany,DEU,2015,508.0720233333333,505.97128,509.10413,509.14066,71891510,6.994,0.965,102.70246,102.19241,82077546,87.58974104805716,89.62070732957457,98.46938775510205,80.13301293379828,62.28213195260695
Germany,DEU,2018,500.4373233333333,500.0438,498.27927,502.9889,72561496,6.985,0.966,102.64538,100.8373,83368507,87.03705825030548,89.50538185545874,98.57142857142857,80.08847658697407,61.45624733132934
Germany,DEU,2022,482.34907333333337,474.82645,479.79404,492.42673,83193800,6.892,0.958,100.21813,100.8173,84086227,98.9386763661069,88.31368528959509,97.75510204081633,78.19462851708789,61.44405814194579
Greece,GRC,2000,473.79886,,473.79886,,985402.2,,0.873,102.30835,97.09967,10782638,9.138785888944803,,89.08163265306122,79.82551083767187,59.17831333554607
Greece,GRC,2003,458.589375,444.91187,472.26688,,1943478.6,,0.873,96.36189,94.34112,10918467,17.799921912114584,,89.08163265306122,75.18581909036305,57.49708891684547
Greece,GRC,2006,464.0970466666666,459.202,459.71118,473.37796,3552679.2,,0.873,99.14304,96.8166,11016107,32.24986104437802,,89.08163265306122,77.35579563153678,59.005793643605884
Greece,GRC,2009,472.9961233333333,466.09637,482.77625,470.11575,4709799,,0.876,101.703565,98.96756,11108067,42.39980727519919,,89.38775510204083,79.35363076559602,60.31671658342872
Greece,GRC,2012,465.63087,452.97342,477.19717,466.72202,6084264.5,5.435,0.865,99.5018,106.29055,11048291,55.06973431456503,69.64377242439774,88.26530612244898,77.63571609030797,64.77978218162355
Greece,GRC,2015,458.49941,453.62985,467.03955,454.82883,7232106,5.033,0.86,99.82911,103.3777,10820902,66.83459475004949,64.49256791389033,87.75510204081633,77.89109786464289,63.0045181668288
Greece,GRC,2018,453.4724933333333,451.37033,457.4144,451.63275,7751746.5,5.287,0.853,97.8011,103.89169,10730846,72.23798105014274,67.74730907227062,87.04081632653062,76.30875454433809,63.31777423939153
Greece,GRC,2022,436.4576666666667,430.14633,438.4406,440.78607,8308724.153,5.931,0.769,101.19203,106.21671,10412481,79.79581574266497,75.99948744233727,78.46938775510205,78.95450847805695,64.73477969441946
Guatemala,GTM,2022,363.76137666666665,344.1995,374.12186,372.96277,,6.15,0.725,102.99828,45.89262,17847877,,78.80574064582265,73.9795918367347,80.36382481392342,27.96969182438157
Hong Kong,HKG,2000,525.45593,,525.45593,,1865746.1,,0.863,100.1074,98.09378,6704665,27.82758124380562,,88.06122448979592,78.10823206151944,59.78418308845048
Hong Kong,HKG,2003,529.9592,550.38324,509.53516,,3580332.5,,0.867,102.7107,80.1741,6858906,52.19976042826655,,88.46938775510205,80.13944214714502,48.862864427813236
Hong Kong,HKG,2006,541.9125366666667,547.4607,536.06555,542.21136,4214074,,0.829,101.05595,83.14646,6931089,60.79959440717035,,84.59183673469387,78.84833282851524,50.67439737561876
Hong Kong,HKG,2009,545.56915,554.5275,533.15125,549.0287,4902706,,0.827,104.33899,86.56722,7064464,69.3995468021353,,84.38775510204081,81.40990620058614,52.75921194940365
Hong Kong,HKG,2012,553.59288,561.2411,544.6001,554.93744,5249538,5.523,0.703,107.34057,108.25745,7201059,72.89952769446828,70.77139928241927,71.73469387755101,83.7518720012284,65.9785280115495
Hong Kong,HKG,2015,532.62794,547.931,526.67535,523.27747,6257592.5,5.458,0.552,105.13152,107.43169,7366411,84.94764275303129,69.93849308047156,56.32653061224491,82.02827324593659,65.47526076028119
Hong Kong,HKG,2018,530.7078666666666,551.1543,524.28314,516.68616,6761926,5.43,0.54,103.431,108.21017,7471190,90.50667965879599,69.5797027165556,55.102040816326536,80.70145214394758,65.94971276784676
Hong Kong,HKG,2022,520.1572833333333,540.3518,499.70135,520.4187,7849966,5.308,0.225,101.08104,102.00391,7465913,105.14408619548607,68.01640184520758,22.95918367346939,78.86790915896059,62.16724884266694
Hungary,HUN,2000,479.96677,,479.96677,,713305.4,,0.95,101.96772,96.20511,10190598,6.999642219229922,,96.93877551020408,79.55973620875217,58.63311527279832
Hungary,HUN,2003,485.94105,490.0124,481.8697,,2186557,,0.95,101.32925,101.85086,10108970,21.62986931408442,,96.93877551020408,79.0615736061442,62.07397107090926
Hungary,HUN,2006,492.41453666666666,490.93738,482.3745,503.93173,4729483,,0.95,101.50181,97.75561,10049946,47.059785196855785,,96.93877551020408,79.1962125691433,59.57808217975861
Hungary,HUN,2009,495.6638333333333,490.17,494.17874,502.64276,6200824,,0.95,100.92057,99.74338,10001381,61.999677844489675,,96.93877551020408,78.74270335001027,60.78954742880629
Hungary,HUN,2012,486.60271,477.04446,488.46133,494.30234,6999114,4.775,0.602,101.06997,101.23405,9916621,70.57962586247875,61.18657098923629,61.42857142857143,78.85927185413675,61.698050375725664
Hungary,HUN,2015,474.3672066666667,476.83087,469.52325,476.7475,7166328,5.145,0.532,100.82768,104.54648,9839211,72.83437665886015,65.92772936955407,54.28571428571429,78.67022645343525,63.716842205214505
Hungary,HUN,2018,479.32699333333335,481.08264,475.98666,480.91168,7435768.5,5.758,0.447,96.75221,103.74955,9774395,76.073951380111,73.78267555099949,45.61224489795919,75.49036406044772,63.23114567044259
Hungary,HUN,2022,477.21367333333336,472.77612,472.97473,485.89017,8929649,6.041,0.336,103.47648,102.90858,9684308,92.20740397765127,77.40902101486418,34.285714285714285,80.73693765644873,62.71860854064808
Iceland,ISL,2000,506.93045,,506.93045,,125075.16,,0.934,99.13799,109.02151,281293,44.46436989189208,,95.30612244897961,77.35185539762888,66.44419161356953
Iceland,ISL,2003,503.42779500000006,515.10864,491.74695,,240738.52,,0.934,99.05883,116.79273,289616,83.12334953869951,,95.30612244897961,77.29009125581729,71.18043522963397
Iceland,ISL,2006,493.59462333333335,505.54483,484.44528,490.79376,271963.62,,0.929,98.89792,107.52347,303883,89.49616135157281,,94.79591836734694,77.16454213935819,65.53119695036233
Iceland,ISL,2009,500.85033,506.66916,500.28333,495.5985,296264.53,,0.931,98.40171,106.47825,318619,92.9839494819832,,95,76.77737709630196,64.89417772398824
Iceland,ISL,2012,484.49091,492.7957,482.52243,478.1546,308642.97,7.355,0.931,98.83299,113.51767,320851,96.19510925632146,94.24654023577654,95,77.11388087447911,69.18441890050829
Iceland,ISL,2015,480.9295933333333,488.03317,481.52554,473.23007,324961.47,7.501,0.934,98.68622,119.80736,330962,98.18694291187508,96.11737570476679,95.30612244897961,76.9993644129621,73.01773002920163
Iceland,ISL,2018,481.39526,495.18738,473.9743,475.0241,349329.47,7.494,0.933,98.88672,114.64941,352860,98.99945304086606,96.0276781137878,95.20408163265307,77.15580340277039,69.87416856015565
Iceland,ISL,2022,447.2680333333333,458.914,435.923,446.9671,399164,7.53,0.931,98.51164,112.58939,380368,104.94153030749169,96.48898001025115,95,76.86314935639984,68.61866986445986
Indonesia,IDN,2000,370.61465,,370.61465,,1999937.6,,0.733,108.99359,55.59763,216077789,0.925563709835998,,74.79591836734694,85.04163149715312,33.88450206734747
Indonesia,IDN,2003,370.8746,360.15884,381.59036,,5371939.5,,0.733,110.17666,60.72447,225048005,2.387019382820123,,74.79591836734694,85.96471516634261,37.00910325230732
Indonesia,IDN,2006,392.47355,391.0068,392.93283,393.48102,11147357,,0.716,107.67254,64.64221,233951650,4.764812302029073,,73.06122448979592,84.01088971417933,39.39680699308422
Indonesia,IDN,2009,385.1918633333333,371.30093,401.7052,382.56946,16830822,,0.72,110.99229,74.50359,243220024,6.919998494860769,,73.46938775510205,86.6011058559054,45.40691841324546
Indonesia,IDN,2012,384.3820133333333,375.11444,396.1201,381.9115,36691820,5.348,0.722,115.20107,80.09268,252698525,14.519997692903036,68.52895950794465,73.67346938775509,89.88498262161785,48.813242237832775
Indonesia,IDN,2015,395.48961,386.1096,397.2595,403.09973,57760080,5.314,0.743,107.98352,87.84232,261799249,22.06273708600287,68.09328549461814,75.81632653061224,84.2535300984715,53.53633371855234
Indonesia,IDN,2018,381.9011966666666,378.66812,370.9654,396.07007,107723300,5.192,0.726,103.299545,92.81207,269951847,39.90463528852981,66.52998462327012,74.08163265306122,80.59888512447002,56.56519491549905
Indonesia,IDN,2022,368.9861733333333,365.52527,358.56985,382.8634,131217381,5.277,0.637,98.700874,97.81676,278830527,47.05990495796753,67.61916965658637,65,77.01079811349402,59.615350626298834
Ireland,IRL,2000,526.66864,,526.66864,,678770.44,,0.94,102.28228,105.12237,3802589,17.85021836438279,,95.91836734693877,79.8051698677751,64.06782381891935
Ireland,IRL,2003,509.1587,502.8373,515.4801,,1369956.5,,0.94,102.71863,107.853,3992935,34.30951167499596,,95.91836734693877,80.14562948474692,65.73203212924051
Ireland,IRL,2006,509.0379733333333,501.47177,517.31323,508.32892,2340109.5,,0.925,102.99924,109.60344,4268775,54.81922799866472,,94.38775510204083,80.36457384848809,66.79885436246822
Ireland,IRL,2009,496.91988,487.13638,495.6391,507.98416,3054805.5,,0.925,102.79597,114.39266,4533750,67.37922249793218,,94.38775510204083,80.20597358186299,69.71768984144424
Ireland,IRL,2012,515.5582133333334,501.49747,523.1732,522.00397,3538387.2,7.076,0.941,102.11834,117.75219,4600135,76.91920345815937,90.67145053818554,96.0204081632653,79.67725661097126,71.76518721193136
Ireland,IRL,2015,509.0373,503.722,520.8148,502.5751,3926295.8,6.907,0.925,101.18464,116.98987,4702497,83.49385018214791,88.50589441312148,94.38775510204083,78.94874247239768,71.30058406938768
Ireland,IRL,2018,504.6082866666667,499.6329,518.0784,496.11356,4239084.5,7.021,0.908,101.03288,154.9083,4872559,86.99914151886104,89.96668375192208,92.65306122448979,78.83033259163305,94.4103302892458
Ireland,IRL,2022,503.8346,491.6483,516.00995,503.84555,5030265,6.911,0.924,99.61994,133.1505,5110015,98.4393392191608,88.55715017939517,94.28571428571429,77.72789415642244,81.1498330507676
Israel,ISR,2000,452.1724,,452.1724,,1275627.2,,0.949,98.22044,98.04927,6111194,20.87361651421964,,96.83673469387755,76.63594220511717,59.75705604747738
Israel,ISR,2006,444.8115733333333,441.85873,438.67227,453.90372,1908175.5,,0.949,95.38341,96.70528,6844029,27.880879815091376,,96.83673469387755,74.42236561032506,58.937948615497014
Israel,ISR,2009,458.56822666666665,446.86377,473.98996,454.85095,4548457,,0.949,97.34127,95.8039,7206096,63.119572650711284,,96.83673469387755,75.94997479030542,58.388594039169476
Israel,ISR,2012,474.11911,466.48145,485.80322,470.07266,5386278,7.301,0.949,98.52219,96.29354,7607781,70.79959320595584,93.5545873910815,96.83673469387755,76.8713809341678,58.687009773657714
Israel,ISR,2015,471.72764,469.66946,478.96063,466.55283,6229054,7.267,0.941,97.75877,96.33895,8052916,77.35153328309895,93.11891337775499,96.0204081632653,76.27572680150224,58.71468532815308
Israel,ISR,2018,465.2154566666667,463.03455,470.4152,462.19662,7125713,7.139,0.944,96.49323,96.65575,8510067,83.73274852007629,91.47872885699641,96.3265306122449,75.28829638174172,58.90776208798864
Israel,ISR,2022,465.4937333333333,457.89667,473.8327,464.75183,8601396,7.473,0.937,96.31257,96.58537,9103143,94.48820039408366,95.75858534085084,95.61224489795919,75.14733743960322,58.86486833054789
Italy,ITA,2000,487.46964,,487.46964,,13236096,,0.967,102.28849,94.79879,57272200,23.110856576139906,,98.67346938775509,79.8100151851153,57.776020232104095
Italy,ITA,2003,470.6629,465.6642,475.6616,,16767594,,0.967,103.36434,99.52631,57739697,29.039975738009154,,98.67346938775509,80.64944105636343,60.65725206183185
Italy,ITA,2006,468.53634666666665,461.68872,468.5231,475.39722,22320792,,0.967,103.77815,99.53385,58754434,37.989970254840685,,98.67346938775509,80.97231396595231,60.661847386229454
Italy,ITA,2009,485.9303133333333,482.90848,486.0511,488.83136,29251108,,0.958,101.48298,100.17549,59904016,48.82996158387778,,97.75510204081633,79.18152056825505,61.052900960032744
Italy,ITA,2012,489.5390133333333,485.32117,489.7544,493.54147,33794724,6.021,0.96,100.02899,100.44984,60531522,55.829959140957996,77.15274218349563,97.95918367346938,78.0470531029615,61.22010616540169
Italy,ITA,2015,485.01116,489.72873,484.758,480.54675,35219516,5.977,0.956,100.3719,101.22809,60575314,58.14169778798009,76.58892875448488,97.55102040816325,78.31460668897228,61.694417997289364
Italy,ITA,2018,476.9620766666667,486.58984,476.28467,468.01172,44838696,6.223,0.956,102.89499,101.52641,60277496,74.3871245082908,79.74115838031778,97.55102040816325,80.28323337623117,61.87623194613451
Italy,ITA,2022,476.7737033333333,471.25946,481.59827,477.46338,51861496,6.405,0.951,101.56454,101.35386,59619106,86.98804708678456,82.0732957457714,97.0408163265306,79.24515729647833,61.771069714727865
Jamaica,JAM,2022,396.6612233333333,377.41693,409.63278,402.93396,,5.703,0.941,93.26818,82.85847,2839150,,73.07790876473604,96.0204081632653,72.7719693788428,50.49887914309023
Japan,JPN,2000,522.2349,,522.2349,,38096564,,0.664,101.86939,98.09378,127027794,29.99073100490118,,67.75510204081633,79.48301478297736,59.78418308845048
Japan,JPN,2003,516.12085,534.1365,498.1052,,61837880,,0.664,103.66805,101.22678,127671254,48.435241342581314,,67.75510204081633,80.88640906431694,61.69361960538474
Japan,JPN,2006,517.4827,523.10254,497.95706,531.3885,87915230,,0.664,102.3109,97.346085,127997247,68.68525070699371,,67.75510204081633,79.82750046073429,59.328493290643536
Japan,JPN,2009,529.4272566666667,528.9931,519.8577,539.43097,99990100,,0.664,101.703565,98.96756,128192471,77.99997864149135,,67.75510204081633,79.35363076559602,60.31671658342872
Japan,JPN,2012,540.398,536.4069,538.0515,546.7356,101698344,6.064,0.664,101.05934,100.10873,127928283,79.49637219785089,77.70374167093797,67.75510204081633,78.85097785682173,61.01221344587042
Japan,JPN,2015,528.9310666666667,532.4399,515.9585,538.3948,115894856,5.921,0.677,102.41911,102.20042,127275868,91.05799694880102,75.871348026653,69.08163265306123,79.91193070057047,62.28701372295507
Japan,JPN,2018,519.9882533333333,526.97327,503.85605,529.13544,112631000,5.886,0.677,102.09991,102.42515,126913432,88.7463196172963,75.42286007175807,69.08163265306123,79.6628767078183,62.42397754946343
Japan,JPN,2022,532.6894533333333,535.5793,515.8546,546.63446,129194208,6.129,0.618,102.15871,102.33797,124997585,103.35736326425827,78.5366478728857,63.06122448979592,79.70875507490422,62.37084487294049
Jordan,JOR,2006,402.19637,384.03604,400.58124,421.97183,891283.7,,0.36,95.70851,86.77455,6427377,13.866989597778378,,36.734693877551024,74.67602304467256,52.88557118114829
Jordan,JOR,2009,402.35364,386.66382,405.0093,415.3878,1856843.2,,0.36,101.703565,98.96756,7141763,25.999787447441197,,36.734693877551024,79.35363076559602,60.31671658342872
Jordan,JOR,2012,397.9991766666666,385.59555,399.03476,409.36722,2807220.2,5.414,0.387,90.93118,87.23176,7587133,36.99974944422353,69.37467965146078,39.48979591836735,70.9485383604788,53.1642221450511
Jordan,JOR,2015,399.01011,380.259,408.1022,408.66913,5175122,5.303,0.379,101.37298,103.64269,9544730,54.21967934137477,67.95233213736545,38.673469387755105,79.0956936910535,63.16601883156624
Jordan,JOR,2018,416.02588,399.7619,419.06366,429.25208,6821390,4.906,0.379,98.89392,89.79291,10462310,65.19965476075551,62.86519733470015,38.673469387755105,77.1614211620054,54.725139264536004
Jordan,JOR,2022,359.30698666666666,361.22803,342.16583,374.5271,8798092,4.12,0.286,98.54127,90.99127,11256269,78.16170704520299,52.793439261916966,29.183673469387756,76.88626799614059,55.45549111401999
Kazakhstan,KAZ,2009,398.5569633333333,404.8847,390.41006,400.37613,3024803.5,,0.229,99.48842,98.96756,16619851,18.199943549433748,,23.367346938775512,77.6252764210629,60.31671658342872
Kazakhstan,KAZ,2012,416.41405333333336,431.7984,392.73624,424.70752,10713600,5.671,0.253,95.67359,99.01802,17306115,61.906441740390605,72.66786263454638,25.816326530612244,74.64877691238276,60.34746990824343
Kazakhstan,KAZ,2015,447.8135333333333,459.816,427.14102,456.48358,12808974,5.919,0.247,95.07596,98.21206,18084175,70.8297392609837,75.84572014351613,25.204081632653065,74.1824794885467,59.856269954464835
Kazakhstan,KAZ,2018,402.38674,423.14612,386.90927,397.10483,14938621,5.809,0.321,97.41879,96.11562,18932725,78.90370245170729,74.43618657098924,32.755102040816325,76.01045933140239,58.5785747449016
Kazakhstan,KAZ,2022,411.62997666666666,425.43912,386.28476,423.16605,20233651,6.144,0.449,99.2239,94.04334,20034612,100.99347569096922,78.7288569964121,45.816326530612244,77.4188861887233,57.31560407611368
Latvia,LVA,2000,458.07108,,458.07108,,149652.77,,0.928,101.69978,90.06597,2368320,6.318942119308202,,94.6938775510204,79.35067754077595,54.8915582671897
Latvia,LVA,2003,486.968735,483.37494,490.56253,,617554.4,,0.928,105.01615,96.53779,2288983,26.979422739268927,,94.6938775510204,81.93825645663892,58.835870249004415
Latvia,LVA,2006,485.0672333333333,486.16608,479.49182,489.5438,1190043.9,,0.953,104.26199,103.9654,2219039,53.62879606892893,,97.24489795918367,81.34982738654504,63.36269749686463
Latvia,LVA,2009,486.5976366666667,481.95383,483.96014,493.87894,1431704.8,,0.952,102.9181,99.4204,2142044,66.83825355594936,,97.14285714285714,80.30126482288686,60.59270420945122
Latvia,LVA,2012,493.81721,490.571,488.69443,502.1862,1487681.5,5.046,0.965,101.04871,106.3448,2034639,73.11771277361734,64.65914915427986,98.46938775510205,78.8426838595067,64.81284535782646
Latvia,LVA,2015,486.76272666666665,482.30508,487.7581,490.225,1566441,5.56,0.966,99.39332,112.35665,1977874,79.19821990682925,71.24551512045105,98.57142857142857,77.55107518450048,68.4768242676034
Latvia,LVA,2018,487.35853,496.12634,478.69867,487.25058,1610971.8,5.94,0.963,99.61439,109.1557,1927586,83.57457462338905,76.1148129164531,98.26530612244898,77.72356380034545,66.5259749797385
Latvia,LVA,2022,483.85696,483.15945,474.56866,493.84277,1935709,6.213,0.953,99.41797,104.76453,1881059,102.90527835650025,79.61301896463353,97.24489795918367,77.570308207437,63.84973484246873
Lebanon,LBN,2015,376.42800666666665,396.24966,346.54898,386.48538,4789592.5,5.129,0.664,101.37298,103.64269,6472470,73.99945461315387,65.72270630445925,67.75510204081633,79.0956936910535,63.16601883156624
Lebanon,LBN,2018,376.84078,393.45004,353.35532,383.71698,4841108,5.197,0.659,101.03288,103.4613,5984120,80.89924667286084,66.59405433111225,67.24489795918367,78.83033259163305,63.05546897845207
Lithuania,LTU,2006,481.4829333333333,486.42133,470.07077,487.9567,1435425.1,,0.963,102.02875,107.00485,3269809,43.89935620092795,,98.26530612244898,79.60735452071228,65.21511908045731
Lithuania,LTU,2009,478.8182833333333,476.6023,468.44275,491.4098,1890330.6,,0.968,99.94983,104.75588,3163255,59.759033021365646,,98.77551020408163,77.9852889611499,63.84446301806035
Lithuania,LTU,2012,483.9433133333333,478.82327,477.3066,495.70007,2009021,5.426,0.96,101.85441,106.17351,2988334,67.2287970487904,69.5284469502819,97.95918367346938,79.47132672279119,64.70845104535097
Lithuania,LTU,2015,475.3996333333333,478.3834,472.40656,475.40894,2074050.9,5.813,0.954,101.54234,102.15334,2905771,71.37695640847129,74.48744233726293,97.34693877551021,79.22783587217037,62.25832037114618
Lithuania,LTU,2018,479.7105633333333,481.1912,475.87347,482.06702,2234169.5,6.149,0.944,106.05738,103.01402,2802485,79.72101545592572,78.79292670425423,96.3265306122449,82.75067026889872,62.78286994707819
Lithuania,LTU,2022,477.14813,475.14676,471.83423,484.4634,2500418,6.763,0.924,101.90583,106.91836,2816923,88.76415862272415,86.66068682726807,94.28571428571429,79.51144688666123,65.1624069309681
Luxembourg,LUX,2000,441.24582,,441.24582,,99809.34,,0.94,98.24147,98.02733,436142,22.884597218337145,,95.91836734693877,76.65235074354945,59.74368450672362
Luxembourg,LUX,2003,486.31557,493.20856,479.42258,,246457.98,,0.94,99.11013,94.90432,451845,54.544806294193805,,95.91836734693877,77.33011779036674,57.84033648988645
Luxembourg,LUX,2006,485.2309166666666,490.00183,479.36655,486.32437,342842.53,,0.94,99.64003,94.22083,472869,72.50264449562141,,95.91836734693877,77.74356926517679,57.423777037298066
Luxembourg,LUX,2009,481.72302,489.06726,472.1734,483.9284,434929.5,,0.94,101.703565,98.96756,498196,87.30088158074332,,95.91836734693877,79.35363076559602,60.31671658342872
Luxembourg,LUX,2012,489.62244,489.8451,487.80704,491.21518,488168.56,7.054,0.94,98.7364,100.60952,530951,91.94229976024153,90.38954382368016,95.91836734693877,77.03851707385277,61.317424653440014
Luxembourg,LUX,2015,483.33871,485.77063,481.4391,482.8064,548862.5,6.871,0.94,97.40225,104.37919,569540,96.36943849422342,88.04459251665813,95.91836734693877,75.99755409004861,63.61488573061573
Luxembourg,LUX,2018,476.72542,483.42148,469.98538,476.7694,590186.1,7.09,0.94,97.34285,106.98312,608109,97.05268298939828,90.85084572014351,95.91836734693877,75.95120757635976,65.20187552619207
Macao,MAC,2003,512.45517,527.27026,497.64008,,120732.88,,0.9315,105.16848,88.14659,469062,25.739215711355858,,95.05102040816327,82.05711107667632,53.72177395123909
Macao,MAC,2006,509.3766733333334,525.0025,492.2878,510.83972,236041.45,,0.9255,100.32634,92.98312,508752,46.39617141554235,,94.43877551020408,78.27905875692409,56.66944295770192
Macao,MAC,2009,507.66265,525.283,486.63535,511.0696,296700.84,,0.919,101.26009,89.30672,549492,53.99547946102946,,93.77551020408164,79.00761190771458,54.428826165216414
Macao,MAC,2012,522.5515366666667,538.1345,508.94925,520.57086,360136.78,,0.917,99.32456,97.42835,587450,61.30509490169377,,93.57142857142857,77.49742558380612,59.37863047387545
Macao,MAC,2015,527.0159733333334,543.8078,508.69052,528.5496,482776.78,,0.902,99.80247,100.96644,622185,77.59376712714065,,92.04081632653062,77.87031215547336,61.53495292717898
Macao,MAC,2018,542.1240333333333,557.6702,525.11615,543.58575,551976,,0.888,101.23826,92.7108,658777,83.7879889552914,,90.61224489795919,78.99057917381175,56.50347495505541
Macao,MAC,2022,535.14151,551.92316,510.40512,543.09625,666974,,0.8494999999999999,84.96767,90.22118,704360,94.69220285081492,,86.68367346938774,66.29554344720374,54.98615247140081
Macedonia,MKD,2000,372.50912,,372.50912,,51133.37,,0.711,101.57571,83.57689,2057254,2.4855156436686965,,72.55102040816325,79.25387262573598,50.936727014937
Macedonia,MKD,2015,368.91178333333335,371.31143,351.74155,383.68237,1393751.9,5.121,0.637,96.88582,84.98363,1980366,70.37850074178206,65.62019477191184,65,75.59461250647406,51.79407802860827
Macedonia,MKD,2018,400.0530933333333,394.44684,392.66776,413.04468,1519763.6,5.274,0.851,95.56039,83.35339,1919730,79.16548681324979,67.58072783188108,86.83673469387755,74.56045325329897,50.80051282357574
Macedonia,MKD,2022,375.6575766666666,388.5755,358.52213,379.8751,1782787,5.254,0.824,97.48666,91.45164,1840236,96.87817214748543,67.32444900051256,84.08163265306122,76.06341451463574,55.73606796984541
Malaysia,MYS,2012,412.7372233333333,420.51297,398.19604,419.50266,19518112,5.76,0.394,98.704254,81.2372,29662835,65.79988730005071,73.80830343413633,40.204081632653065,77.01343533935713,49.51078078949623
Malaysia,MYS,2015,439.87849,446.10977,430.5782,442.9475,22195258,6.005,0.394,95.63116,81.51158,31232796,71.06394829332604,76.94771911840081,40.204081632653065,74.61567114511311,49.678004278649254
Malaysia,MYS,2018,430.93504666666666,440.20755,414.97952,437.61807,26724010,5.339,0.446,95.77615,74.48728,32910963,81.20093599205833,68.41363403382881,45.51020408163266,74.72879877170814,45.396978129303164
Malaysia,MYS,2022,404.3604533333333,408.68744,388.0878,416.30612,31527942,6.012,0.434,89.78726,78.8342,34695494,90.87042253959548,77.0374167093798,44.285714285714285,70.05600125712968,48.04624968506182
Malta,MLT,2015,463.3642966666666,478.6448,446.66614,464.78195,337973.47,6.488,0.904,99.9229,93.43237,444978,75.95284935435009,83.1368528959508,92.24489795918367,77.9642769811223,56.94324262423008
Malta,MLT,2018,458.84984333333335,471.72443,448.23477,456.59033,395647.1,6.726,0.888,99.83068,100.39607,484560,81.65079659897638,86.18657098923629,90.61224489795919,77.89232284825385,61.18733552974399
Malta,MLT,2022,458.9678933333333,466.0161,445.29883,465.58875,472545,6.3,0.874,97.47648,101.95467,528194,89.46428774276119,80.72783188108662,89.18367346938776,76.0554716272729,62.13723905840462
Mexico,MEX,2000,421.96063,,421.96063,,5011541.5,,0.891,109.1183,71.11958,98625553,5.081382408066194,,90.91836734693878,85.13893576856954,43.34450147495286
Mexico,MEX,2003,392.470135,385.21835,399.72192,,13284222,,0.933,109.26415,78.55419,102978517,12.899993500586145,,95.20408163265307,85.25273440529541,47.875594939097326
Mexico,MEX,2006,408.60101333333336,405.65463,410.49646,409.65195,20935908,,0.919,108.12927,82.70139,107253666,19.519992911011546,,93.77551020408164,84.36725071076357,50.40314524967178
Mexico,MEX,2009,419.89435333333336,418.5091,425.2653,415.90866,29500712,,0.93,110.7222,85.94232,111999720,26.339987278539624,,94.89795918367348,86.39036966260205,52.37836072711439
Mexico,MEX,2012,417.25179,413.28146,423.55377,414.92014,46435216,7.088,0.925,111.07352,90.69362,116818208,39.7499814412493,90.82521783700666,94.38775510204083,86.66448510349706,55.2740855030192
Mexico,MEX,2015,415.66994666666665,408.02347,423.2765,415.70987,69533064,6.778,0.922,106.96343,100.98227,121072310,57.43102118064816,86.85289595079445,94.08163265306123,83.45761065152118,61.54460067057605
Mexico,MEX,2018,416.15836,408.80148,420.4689,419.2047,70582904,6.595,0.886,105.18816,105.96465,124573713,56.65954903343051,84.50794464377242,90.40816326530613,82.072466285252,64.58115934061848
Mexico,MEX,2022,406.7584833333333,395.0299,415.35895,409.8866,85154318,6.33,0.661,102.00478,98.35766,128613116,66.20966869351024,81.11225012813942,67.44897959183675,79.58865206392572,59.94500725317714
Moldova,MDA,2015,421.29685,419.6635,416.22925,427.9978,1416746.1,5.897,0.807,105.72765,105.06971,3287168,43.09929093979986,75.56381342901076,82.34693877551021,82.49340030326536,64.03572968327245
Moldova,MDA,2018,424.3607366666666,420.604,423.99295,428.48526,1586323.1,5.529,0.79,103.33739,95.91592,3153779,50.29912051541976,70.84828293182983,80.61224489795919,80.62841347144905,58.45686568890677
Moldova,MDA,2022,413.99748,414.19806,410.9354,416.85898,1812426,5.819,0.814,106.97324,97.61367,3039986,59.619550879510626,74.5643259866735,83.06122448979592,83.46526484847888,59.4915755027035
Mongolia,MNG,2022,405.13184666666666,424.59314,378.41986,412.38254,,5.84,0.758,93.34738,94.75376,3386015,,74.83341875961045,77.34693877551021,72.83376473042792,57.74857627220702
Montenegro,MNE,2006,401.0238433333333,399.30768,391.97543,411.78842,183174.27,,0.635,112.49855,92.12424,633876,28.897492569524637,,64.79591836734694,87.77635669275647,56.14599040881444
Montenegro,MNE,2009,403.7801933333333,402.51535,407.54776,401.27747,221973.8,,0.635,113.76721,95.6066,632445,35.097723912751306,,64.79591836734694,88.76622147485217,58.26834768590068
Montenegro,MNE,2012,413.94519333333335,409.62662,422.11136,410.0976,360072,5.299,0.635,99.0703,92.61306,633546,56.834389294542156,67.90107637109175,64.79591836734694,77.29904065837641,56.44390638653797
Montenegro,MNE,2015,418.7107533333333,417.9341,426.8845,411.31366,427857.66,5.161,0.637,101.20362,91.86341,628145,68.1144735690008,66.13275243464889,65,78.96355150993664,55.98702509546878
Montenegro,MNE,2018,421.9471266666666,429.61154,421.0576,415.17224,440373.7,5.523,0.634,103.26447,91.44427,615798,71.51268760210328,70.77139928241927,64.6938775510204,80.57151805430782,55.73157625355757
Montenegro,MNE,2022,404.58395666666667,405.60117,405.02045,403.13025,526107,5.722,0.821,105.62137,92.16097,614649,85.5947052708131,73.32137365453613,83.77551020408163,82.4104759350019,56.16837585511735
Morocco,MAR,2018,367.90404666666666,367.72736,359.38788,376.5969,23225516,5.208,0.594,108.26313,78.47092,35839760,64.80377100739514,66.73500768836495,60.61224489795918,84.47169421787449,47.824845249098885
Morocco,MAR,2022,356.5097466666667,364.76624,339.36493,365.39807,23225516,4.903,0.617,116.55465,84.45537,37329068,62.218312013576124,62.82675550999487,62.95918367346939,90.94110575291315,51.47212496942036
Netherlands,NLD,2003,525.47113,537.8233,513.11896,,10532072,,0.943,108.03084,119.90934,16366914,64.3497729626978,,96.22448979591837,84.29045126055495,73.0798827058684
Netherlands,NLD,2006,520.7541766666667,530.65405,506.74698,524.8615,13805317,,0.88,107.83991,118.42762,16493851,83.69977999680002,,89.79591836734694,84.14147920906319,72.17683442119817
Netherlands,NLD,2009,518.8191866666666,525.8357,508.40372,522.21814,14953963,,0.88,107.0194,122.74601,16684148,89.62976712985284,,89.79591836734694,83.50128092713001,74.80871809830117
Netherlands,NLD,2012,518.7525233333333,522.97174,511.22998,522.05585,15707401,7.512,0.88,107.04824,111.44825,16915191,92.85973182330605,96.25832906201947,89.79591836734694,83.52378317384358,67.92319128580223
Netherlands,NLD,2015,507.9288833333333,512.2528,502.95905,508.5748,15691598,7.339,0.88,106.05942,114.13792,17107429,91.72388206316683,94.0415171706817,89.79591836734694,82.75226196734864,69.56243613626586
Netherlands,NLD,2018,502.46616666666665,519.23096,484.78372,503.38382,16008706,7.488,0.924,104.56111,114.50032,17421285,91.89164863556276,95.95079446437724,94.28571428571429,81.58321407298624,69.78330424789593
Netherlands,NLD,2022,480.07846,492.67563,459.24292,488.31683,17469142,7.403,0.845,104.21545,138.7675,17904421,97.56887419034662,94.86160943106098,86.22448979591837,81.31351481504542,84.5731668891397
New Zealand,NZL,2000,528.79974,,528.79974,,1827676.2,,0.893,98.77342,112.15372,3857576,47.37887730533371,,91.12244897959184,77.06740171925279,68.35314665752314
New Zealand,NZL,2003,522.51905,523.4866,521.5515,,2452241.2,,0.893,99.95289,117.42767,4022585,60.961824299548674,,91.12244897959184,77.98767650882479,71.56740542499375
New Zealand,NZL,2006,524.4686066666667,521.98883,521.03265,530.38434,2885504.8,,0.893,99.59685,117.90655,4181943,68.99914226473196,,91.12244897959184,77.70987831465351,71.85926337559366
New Zealand,NZL,2009,524.06258,519.30084,520.88,532.0069,3430487,,0.893,99.06371,125.80786,4304304,79.69899430895215,,91.12244897959184,77.2938988481877,76.67479157400344
New Zealand,NZL,2012,509.19099,499.7499,512.18677,515.6363,3601853.5,7.221,0.893,98.88314,116.82648,4411682,81.64354321095672,92.52947206560738,91.12244897959184,77.15301012803964,71.20100448671872
New Zealand,NZL,2015,505.9324966666667,495.22327,509.27072,513.3035,3931117.8,7.334,0.893,98.53814,114.88999,4614035,85.19913264637134,93.97744746283956,91.12244897959184,76.88382583136205,70.02079231925048
New Zealand,NZL,2018,502.90257333333335,494.4897,505.7273,508.49072,4361707.5,7.307,0.891,98.55297,112.41108,4900840,88.99918177292056,93.63147104049206,90.91836734693878,76.89539685489748,68.50999714651076
New Zealand,NZL,2022,494.6855,479.0742,500.853,504.1293,4924826,7.123,0.815,96.55725,114.77493,5131731,95.9681245957748,91.27370579190159,83.16326530612244,75.33824762427301,69.95066791272686
Norway,NOR,2000,505.28098,,505.28098,,2335227,,0.924,99.14015,116.45204,4490864,51.999503881658406,,94.28571428571429,77.3535407253994,70.97279848307976
Norway,NOR,2003,497.462815,495.1854,499.74023,,3566335.2,,0.926,99.27851,113.382,4564666,78.12915994291806,,94.48979591836736,77.46149533203219,69.10173353432494
Norway,NOR,2006,486.88895333333335,489.84634,484.29257,486.52795,3847194.2,,0.926,99.35831,111.52764,4660487,82.54918852900995,,94.48979591836736,77.52375883022023,67.97157627306026
Norway,NOR,2009,500.3538,497.9557,503.23,499.8757,4446155.5,,0.918,99.71005,111.06841,4828625,92.07912190323331,,93.6734693877551,77.79820197373728,67.69169420102972
Norway,NOR,2012,495.94456333333335,489.37308,503.93668,494.52393,4749908,7.655,0.902,99.63052,112.17654,5018453,94.64884895803547,98.09072270630446,92.04081632653062,77.73614914152056,68.36705452260978
Norway,NOR,2015,504.4673633333333,501.72983,513.19116,498.4811,5024192.5,7.498,0.902,99.37405,115.21012,5189777,96.80941011530939,96.0789338800615,92.04081632653062,77.53603987610343,70.21589857911837
Norway,NOR,2018,496.94263,500.96378,499.45096,490.41315,5125350.5,7.554,0.902,99.17442,117.71471,5311751,96.49078994854993,96.79651460789339,92.04081632653062,77.38027969886937,71.74234467102657
Norway,NOR,2022,474.40009333333336,468.44995,476.52386,478.22647,5745378,7.315,0.865,98.96676,119.44253,5456796,105.28848796986364,93.73398257303947,88.26530612244898,77.21825415959958,72.79538093106149
Palestine,PSE,2022,361.2396033333333,365.74667,349.15704,368.8151,,4.908,0.8494999999999999,91.45164,90.13648,5305274,,62.89082521783701,86.68367346938774,71.35462432873628,54.93453125436144
Panama,PAN,2018,364.8137766666667,352.84625,376.9713,364.62378,2575935.2,6.321,0.904,99.12066,103.4613,4167860,61.80474392134093,80.99692465402357,92.24489795918367,77.33833376324796,63.05546897845207
Panama,PAN,2022,378.7648433333333,356.57352,391.95337,387.76764,2575935.2,6.265,0.899,101.7808,81.73528,4400775,58.5336719100613,80.2793439261917,91.73469387755102,79.41389293705659,49.81434036190435
Paraguay,PRY,2022,359.67440666666664,337.53976,373.15564,368.32782,,5.738,0.779,92.96196,84.09194,6760460,,73.52639671963097,79.48979591836735,72.53304295760043,51.25062911453705
Peru,PER,2000,327.08484,,327.08484,,818277.75,,0.677,116.37729,80.84287,26598328,3.0764255181754283,,69.08163265306123,90.80272161709071,49.270452637015325
Peru,PER,2009,368.05160666666666,365.10727,369.69577,369.35178,9073584,,0.914,112.00822,93.828,28896819,31.399940595537522,,93.26530612244899,87.39377948640883,57.18436307402093
Peru,PER,2012,375.12239,368.10254,384.1512,373.11343,11288222,5.776,0.933,103.61678,96.43811,29550367,38.199938430544705,74.01332649923116,95.20408163265307,80.84640593709763,58.77511932911676
Peru,PER,2015,393.59522333333337,386.56058,397.54144,396.68365,12442701,5.743,0.931,102.78798,100.25157,30457598,40.85253538378174,73.59046642747309,95,80.19973942960081,61.09926863644779
Peru,PER,2018,401.5223266666666,399.83768,400.5137,404.2156,17560978,5.697,0.924,104.41258,99.85801,31897590,55.05424704499619,73.00102511532546,94.28571428571429,81.467324381434,60.859409767758144
Peru,PER,2022,402.42047,391.23578,408.24786,407.77777,21307366,5.526,0.916,114.34932,103.59147,33475436,63.650749761705875,70.80984110712456,93.46938775510205,89.22040950655943,63.13480231755495
Philippines,PHL,2018,349.73066666666665,352.56708,339.6916,356.93332,48274170,5.631,0.752,94.55414,79.36224,109465284,44.09998150646556,72.15530497180933,76.73469387755102,73.7753323879893,48.3680686631665
Philippines,PHL,2022,352.4781433333333,354.71973,346.5474,356.1673,48274170,5.523,0.709,90.613144,92.29127,113964343,42.35901223946862,70.77139928241927,72.34693877551021,70.70039257213632,56.24778842395122
Poland,POL,2000,479.12167,,479.12167,,2787261,,0.973,100.33908,100.59608,38258077,7.285418449024503,,99.28571428571429,78.28899906979268,61.30923351817425
Poland,POL,2003,493.422015,490.23877,496.60526,,9501205,,0.979,100.18323,106.25036,38203527,24.869968157652043,,99.89795918367346,78.16739798968484,64.75528800555729
Poland,POL,2006,500.29151,495.4285,507.63953,497.8065,16972108,,0.977,99.63752,100.59756,38071169,44.579949725210696,,99.6938775510204,77.74161085188793,61.310135518188645
Poland,POL,2009,501.11657333333335,494.80292,500.4785,508.0683,22409844,,0.98,98.03965,99.64876,38002153,58.96993257197822,,100,76.49488183121473,60.73188037383268
Poland,POL,2012,520.50149,517.5011,518.1869,525.81647,23832216,5.822,0.978,100.68082,100.56486,38247867,62.30992175328366,74.60276781137878,99.79591836734694,78.55563976992778,61.290206193546524
Poland,POL,2015,503.8672166666667,504.46924,505.69708,501.43533,26019908,5.835,0.976,101.37298,109.41479,38266314,67.99690192266755,74.76934905176832,99.59183673469387,79.0956936910535,66.6838798336078
Poland,POL,2018,512.8463766666666,515.6479,511.85568,511.03555,29652748,6.182,0.912,94.48976,110.54194,38241070,77.54162736555227,79.2157867760123,93.06122448979592,73.72510025749624,67.37083207429164
Poland,POL,2022,492.2793466666667,488.96005,488.71362,499.16437,35622856,6.26,0.732,100.59427,108.48217,38385734,92.8023311993982,80.21527421834956,74.6938775510204,78.48810962245692,66.11548574346314
Portugal,PRT,2000,470.15463,,470.15463,,1689569.6,,0.97,119.7058,108.37289,10283196,16.430393819197846,,98.9795918367347,93.39977269921938,66.04888401267138
Portugal,PRT,2003,471.792665,466.0167,477.56863,,3101758,,0.97,115.23744,108.31123,10454246,29.66983941261761,,98.9795918367347,89.91336010819803,66.01130474180188
Portugal,PRT,2006,470.92372,466.16098,472.3043,474.30588,4000198.8,,0.97,113.98116,95.65542,10524123,38.00980661286456,,98.9795918367347,88.9331547510092,58.29810149718594
Portugal,PRT,2009,489.7244033333333,486.8883,489.33493,492.94998,5105138,,0.97,110.98108,105.0831,10576265,48.26976252958866,,98.9795918367347,86.59235931687424,64.04389034556473
Portugal,PRT,2012,488.0318633333333,487.06317,487.7577,489.27472,6343599.5,5.101,0.966,108.92183,110.33209,10513155,60.33963638888612,65.36391594054331,98.57142857142857,84.98564116344417,67.24293700468466
Portugal,PRT,2015,496.9519733333333,491.62695,498.1289,501.10007,7117380,5.123,0.96,107.0116,116.87174,10370264,68.63258254563239,65.64582265504869,97.95918367346938,83.49519502129208,71.22858862229371
Portugal,PRT,2018,491.9885066666666,492.4874,491.80078,491.67734,7708974,5.693,0.97,104.97946,118.45621,10325355,74.66061941695952,72.94976934905176,98.9795918367347,81.90962929187052,72.19425886742195
Portugal,PRT,2022,477.62420333333336,471.91052,476.58862,484.37347,9046619,5.968,0.939,109.84613,121.97856,10417074,86.84414644649736,76.47360328036903,95.81632653061224,85.70682100523871,74.34098842868062
Qatar,QAT,2006,326.49409,317.95566,312.21347,349.31314,281858.16,,0.177,94.61222,91.35225,972841,28.972685156156043,,18.06122448979592,73.8206489791517,55.67549379320381
Qatar,QAT,2009,373.09183,368.1125,371.71603,379.44696,842165.44,,0.177,103.21176,97.2015,1586052,53.09822376567729,,18.06122448979592,80.53039137524149,59.24037459329246
Qatar,QAT,2012,382.53169,376.4484,387.50412,383.64255,1321602.4,6.666,0.177,102.53756,98.61398,1907122,69.29826198848316,85.4177344951307,18.06122448979592,80.00435064242977,60.101223904316804
Qatar,QAT,2015,407.29970333333335,402.40063,401.88733,417.61115,2254578.5,6.375,0.174,101.98237,101.94683,2427340,92.88268227771964,81.6888774987186,17.755102040816325,79.57116678830675,62.132460896166265
Qatar,QAT,2018,413.4825666666666,414.22873,407.0918,419.12717,2751509.8,6.374,0.174,107.33449,102.44546,2761144,99.6510794076658,81.67606355715017,17.755102040816325,83.74712811565217,62.43635567128242
Qatar,QAT,2022,421.93767333333335,414.10623,419.30426,432.40253,3574727,,0.115,94.98493,104.5608,2892466,123.58752012988225,,11.73469387755102,74.11145384644074,63.72556966481313
Romania,ROU,2000,427.93152,,427.93152,,796687.75,,0.896,104.28696,82.3833,22046264,3.6137086537655545,,91.42857142857143,81.3693100876698,50.209282287120985
Romania,ROU,2006,409.70469,414.79596,395.93173,418.38638,5187397,,0.896,101.634,85.68206,21035732,24.659931016424817,,91.42857142857143,79.29935306820943,52.21974280566617
Romania,ROU,2009,426.5721333333333,427.07916,424.45834,428.1789,7531133.5,,0.896,100.86079,103.39324,20576922,36.599903037004275,,91.42857142857143,78.69606034347291,63.013989166979826
Romania,ROU,2012,440.3072666666667,444.55423,437.5995,438.76807,9248672,5.033,0.897,96.24155,97.45037,20158451,45.87987440106385,64.49256791389033,91.53061224489795,75.09192448670456,59.39205077138675
Romania,ROU,2015,437.4852533333333,443.9543,433.6166,434.88486,11080679,5.528,0.92,89.05341,91.33771,19871018,55.763016268215345,70.83546899026139,93.87755102040816,69.48341894954456,55.66663225252198
Romania,ROU,2018,427.7937433333333,429.91684,427.70316,425.76123,13851991,6.07,0.912,91.37512,86.55772,19597874,70.68109020396804,77.78062532034853,93.06122448979592,71.29492003197753,52.753422084446456
Romania,ROU,2022,427.9223666666667,427.76,428.496,427.5111,16747977,6.589,0.887,84.88128,83.03347,19166776,87.3802511178719,84.43106099436187,90.51020408163265,66.22813813882699,50.60553455019635
Russia,RUS,2000,461.76202,,461.76202,,2900947.2,,0.73,110.8098,98.09378,146717784,1.9772294270747712,,74.48979591836735,86.45871906662802,59.78418308845048
Russia,RUS,2003,455.301745,468.40665,442.19684,,12099256,,0.701,126.57464,94.63665,145794230,8.298857917765332,,71.53061224489795,98.75914621919341,57.67720247377161
Russia,RUS,2006,465.00175,475.67908,439.85574,479.47043,25972066,,0.672,96.52808,86.48547,144102948,18.023271807041727,,68.57142857142857,75.31548789692785,52.70938863779836
Russia,RUS,2009,468.5018866666667,467.8122,459.39594,478.29752,61216296,,0.632,95.51983,89.87693,143869128,42.54998751365199,,64.48979591836735,74.52880654294175,54.77634604913633
Russia,RUS,2012,481.20476,482.1694,475.14938,486.2955,95232040,5.464,0.485,97.26223,95.54112,144291025,65.99997470390136,70.01537672988212,49.48979591836735,75.88830427781441,58.228440279858916
Russia,RUS,2015,491.77297,494.06003,494.62784,486.63104,101859500,5.856,0.375,98.38278,96.32926,145307612,70.09921820200307,75.03844182470527,38.265306122448976,76.76260707097991,58.708779665896756
Russia,RUS,2018,481.33537666666666,487.78653,478.50192,477.71768,118410290,5.648,0.344,102.06856,99.2135,146430146,80.86469435057451,72.37314197847257,35.10204081632653,79.63841604781587,60.46660704527832
Saudi Arabia,SAU,2018,386.2122066666667,373.2388,399.15167,386.24615,28333646,6.375,0.059,105.43155,105.88286,30365119,93.30984673565746,81.6888774987186,6.020408163265306,82.26236995472553,64.53131165063442
Saudi Arabia,SAU,2022,387.2400933333333,388.78162,382.55106,390.3876,28333646,6.463,0.06,102.70595,119.96837,32175351,88.06009917343248,82.81650435674013,6.122448979591836,80.13573598653859,73.11585909833396
Serbia,SRB,2018,442.54109666666665,448.28305,439.46634,439.8739,5149892.5,5.603,0.82,100.45755,95.25666,7020014,73.3601457205071,71.79651460789339,83.67346938775509,78.38143461653877,58.05507343925657
Serbia,SRB,2022,442.5641066666667,439.87668,440.35498,447.46066,5149892.5,6.144,0.768,98.89898,95.08497,6791215,75.83168107621391,78.7288569964121,78.36734693877551,77.16536919835667,57.95043534299342
Singapore,SGP,2009,543.2035966666667,562.01874,525.89655,541.6955,3428280.2,,0.454,101.703565,98.96756,4968574,68.99927826374328,,46.326530612244895,79.35363076559602,60.31671658342872
Singapore,SGP,2012,555.7257533333333,573.4683,542.2158,551.49316,3811174.5,6.546,0.468,103.56422,109.727684,5293345,71.99935957319992,83.88006150691953,47.75510204081633,80.80539629468205,66.87457604475675
Singapore,SGP,2015,551.62152,564.1897,535.10016,555.5747,4597048.5,6.739,0.468,101.672035,107.78135,5525343,83.19933260251898,86.35315222962583,47.75510204081633,79.3290296616127,65.68836435827392
Singapore,SGP,2018,556.4697833333333,569.00775,549.4647,550.9369,4967525,6.262,0.448,100.26187,105.8443,5634366,88.16475536023042,80.24090210148641,45.714285714285715,78.22875640444057,64.50781089350292
Singapore,SGP,2022,559.5501466666667,574.6638,542.55334,561.4333,5651634,6.587,0.452,99.57804,103.04131,5649888,100.030903267463,84.40543311122501,46.12244897959184,77.69520191865203,62.799502095992054
Slovakia,SVK,2003,483.671235,498.18344,469.15903,,2313893.2,,0.96,104.2724,91.0334,5376197,43.0395909971305,,97.95918367346938,81.35794973010567,55.48116764145645
Slovakia,SVK,2006,482.29646333333335,492.10623,466.34976,488.4334,3015305.5,,0.96,102.1464,95.5383,5376847,56.07943651734929,,97.95918367346938,79.69915026710103,58.22672160415583
Slovakia,SVK,2009,488.1308966666667,496.6834,477.44336,490.26593,3769519,,0.958,102.22899,94.39502,5385074,69.99939090902001,,97.75510204081633,79.76359064699264,57.529938782234154
Slovakia,SVK,2012,471.86831666666666,481.64474,462.76703,471.19318,4146047.8,5.969,0.946,99.13287,95.04926,5404877,76.70938302573768,76.48641722193746,96.53061224489795,77.34786054661733,57.92867154534909
Slovakia,SVK,2015,462.83976,475.2301,452.51434,460.77484,4207971.5,6.078,0.946,98.31211,91.89573,5420278,77.63386859493184,77.88313685289594,96.53061224489795,76.7074672035996,56.0067228255126
Slovakia,SVK,2018,469.3988066666666,486.16486,457.98398,464.04758,4378986,6.198,0.938,97.02444,91.78154,5443229,80.4483147778644,79.42080984110713,95.71428571428571,75.7027699766348,55.93712864872719
Slovakia,SVK,2022,457.7082333333333,463.99463,446.8606,462.26947,4929677,6.469,0.945,100.32672,92.20431,5473195,90.06945668846076,82.89338800615069,96.42857142857143,78.27935524977259,56.19478982851152
Slovenia,SVN,2006,505.89353,504.45596,494.40903,518.8156,1081857.5,,0.941,100.24935,97.23245,2003116,54.00872939959543,,96.0204081632653,78.21898774532637,59.25923736386351
Slovenia,SVN,2009,498.77129,501.47238,483.08203,511.75946,1302755.2,,0.947,97.70836,98.96756,2035610,63.998270788608814,,96.63265306122449,76.2363946844138,60.31671658342872
Slovenia,SVN,2012,498.86209333333335,501.1274,481.31628,514.1426,1403412.2,6.06,0.94,98.21429,98.11373,2053322,68.34837400076559,77.65248590466427,95.91836734693877,76.63114370243727,59.79634180486059
Slovenia,SVN,2015,509.33304333333336,509.91965,505.21588,512.8636,1505758.6,5.768,0.95,98.38159,109.65522,2059946,73.09699380469196,73.91081496668374,96.93877551020408,76.76167858021746,66.83041217378224
Slovenia,SVN,2018,503.7498933333333,508.89755,495.3456,507.00653,1650370.8,6.118,0.948,99.4631,113.55617,2069484,79.74793716694597,78.39569451563301,96.73469387755101,77.60552063441978,69.20788309007165
Slovenia,SVN,2022,484.3432966666667,484.52902,468.536,499.96487,1839875,6.65,0.926,100.63914,107.87481,2115231,86.98222558198135,85.21271143003588,94.48979591836736,78.52311918591177,65.74532444026327
South Korea,KOR,2000,524.7543,,524.7543,,20904674,,0.841,98.96454,98.09378,46766660,44.69995077689961,,85.81632653061224,77.2165220171688,59.78418308845048
South Korea,KOR,2003,538.1593049999999,542.22736,534.09125,,31121744,,0.841,99.99396,96.96602,47514158,65.49993793428898,,85.81632653061224,78.0197211437945,59.09685907749045
South Korea,KOR,2006,541.8761766666667,547.4585,556.0219,522.14813,37493050,,0.841,100.36329,96.77854,48006518,78.09991551563894,,85.81632653061224,78.30788878522043,58.982597616208984
South Korea,KOR,2009,541.1607200000001,546.2285,539.26746,537.9862,39614056,,0.793,101.05083,96.88543,48546690,81.59991134308024,,80.91836734693878,78.84433797750367,59.0477427388694
South Korea,KOR,2012,542.4482433333334,553.76666,535.79047,537.7876,41698336,6.267,0.793,101.14759,97.36742,49599580,84.06993768898849,80.30497180932855,80.91836734693878,78.91983441966751,59.34149610841845
South Korea,KOR,2015,519.1176133333333,524.1062,517.4367,515.80994,45832576,5.835,0.773,100.06209,98.59319,50983909,89.89615919799323,74.76934905176832,78.87755102040816,78.0728791905558,60.0885532419526
South Korea,KOR,2018,519.6641866666666,525.933,514.0523,519.00726,49587012,5.895,0.849,98.66567,99.31866,51640894,96.02276056646114,75.5381855458739,86.63265306122449,76.98333039181217,60.530697803057066
South Korea,KOR,2022,523.51345,527.3025,515.4154,527.82245,55960865,5.951,0.855,99.00502,97.81813,51782515,108.06903643054031,76.25576627370579,87.24489795918367,77.24810630797897,59.616185585771596
Spain,ESP,2000,492.55298,,492.55298,,5588921,,0.955,104.22451,113.41457,41019772,13.62494408793886,,97.44897959183673,81.32058382874946,69.12158362923606
Spain,ESP,2003,482.82303,485.10806,480.538,,16972846,,0.958,105.15835,114.45279,42506540,39.929963718524256,,97.75510204081633,82.0492072015304,69.7543366393259
Spain,ESP,2006,476.40405,479.95752,460.8301,488.42453,22513072,,0.958,103.61088,117.27367,44695446,50.36994596720211,,97.75510204081633,80.84180249550226,71.47354866674036
Spain,ESP,2009,484.2633666666667,483.49313,481.04233,488.25464,29100320,,0.958,102.09572,117.35712,46635182,62.39992802000859,,97.75510204081633,79.65960748404126,71.52440805944326
Spain,ESP,2012,489.5681033333333,484.3193,487.93918,496.44583,32823458,6.322,0.953,100.47344,127.78671,47018323,69.80992920568434,81.00973859559201,97.24489795918367,78.3938326990727,77.88082044458605
Spain,ESP,2015,491.4019366666667,485.84323,495.57645,492.78613,36735176,6.361,0.951,102.48728,125.1708,46683683,78.68954126862698,81.50948231676063,97.0408163265306,79.96511995710527,76.28652932456897
Spain,ESP,2018,482.32232,481.3926,,483.25204,40550280,6.354,0.949,103.11881,120.10908,47092817,86.10714453543945,81.41978472578165,96.83673469387755,80.45786766400617,73.20161614024198
Spain,ESP,2022,477.3269866666666,473.1402,474.3071,484.53366,48319471,6.436,0.934,102.98479,119.64617,47828386,101.02676473339494,82.4705279343926,95.30612244897961,80.35329931780116,72.91949125736485
Sweden,SWE,2000,516.3312,,516.3312,,4053436.8,,0.951,106.77449,151.75638,8872099,45.68746133243103,,97.0408163265306,83.31019128626244,92.4893627991547
Sweden,SWE,2003,511.656925,509.04645,514.2674,,7088771.5,,0.951,107.76238,136.4743,8958434,79.12958336244928,,97.0408163265306,84.08098686552285,83.175554434421
Sweden,SWE,2006,504.3344166666666,502.35638,507.31287,503.334,7969120.5,,0.951,100.30419,101.20409,9080628,87.7595745580592,,97.0408163265306,78.26177634483304,61.67979097002909
Sweden,SWE,2009,495.5978433333333,494.2382,497.44943,495.1059,8461810,,0.951,99.48524,101.43431,9298738,90.99955284254702,,97.0408163265306,77.62279524406745,61.82010072902322
Sweden,SWE,2012,482.1315433333333,478.26065,483.335,484.79898,8870203,7.48,0.951,99.55372,103.10687,9519477,93.17952026145974,95.84828293182983,97.0408163265306,77.6762263763471,62.83945825879136
Sweden,SWE,2015,495.83202666666665,493.91812,500.1556,493.42236,8879289,7.291,0.951,119.62419,137.46297,9799483,90.60976992357658,93.42644797539722,97.0408163265306,93.33609695877921,83.77810872781308
Sweden,SWE,2018,502.5392066666666,502.3877,505.78522,499.4447,9081196,7.343,0.951,123.75466,140.82175,10175400,89.2465750732158,94.0927729369554,97.0408163265306,96.55887279036753,85.82514900369831
Sweden,SWE,2022,487.4301766666667,481.76605,486.97516,493.54932,10198476,7.395,0.945,116.42539,139.40652,10487335,97.24563962150536,94.75909789851357,96.42857142857143,90.84025136975794,84.96262367913371
Switzerland,CHE,2000,494.3716,,494.3716,,3383637,,0.919,104.15279,94.54991,7184003,47.09960449626761,,93.77551020408164,81.26462470481405,57.624337959415115
Switzerland,CHE,2003,512.83728,526.55316,499.1214,,4774046,,0.919,104.15753,93.3512,7333451,65.09958272033181,,93.77551020408164,81.2683230629771,56.89377279911692
Switzerland,CHE,2006,513.4859233333334,529.6561,499.27777,511.5239,5661197,,0.919,104.12382,94.16948,7478514,75.69949056724371,,93.77551020408164,81.2420210263365,57.392481293555775
Switzerland,CHE,2009,517.0094433333334,533.96063,500.5002,516.5675,6290664,,0.919,103.63485,95.84783,7737644,81.29947565434647,,93.77551020408164,80.86050495228882,58.41536759365046
Switzerland,CHE,2012,518.4229333333334,530.931,509.04025,515.29755,6815038.5,7.65,0.922,102.13064,98.37274,7998927,85.19940862068125,98.02665299846232,94.08163265306123,79.68685361633106,59.954197901972336
Switzerland,CHE,2015,506.3182066666666,521.25055,492.19824,505.50583,7246671.5,7.509,0.922,102.15593,103.91339,8283940,87.4785609263225,96.2198872373142,94.08163265306123,79.70658599564405,63.3309995098727
Switzerland,CHE,2018,498.17346,515.3147,483.9294,495.27628,7817960,7.48,0.922,101.83724,104.18803,8516341,91.79951812638785,95.84828293182983,94.08163265306123,79.45792992750437,63.4983814584877
Switzerland,CHE,2022,497.9485266666667,507.9906,483.33173,502.52325,8803365,7.24,0.91,101.36307,103.39236,8792180,100.12721532088742,92.77293695540749,92.85714285714286,79.08796146966198,63.01345284264694
Taiwan,TWN,2006,526.0220800000001,549.35724,496.2354,532.4736,,,0.874,102.3109,97.346085,22914644,,,89.18367346938776,79.82750046073429,59.328493290643536
Taiwan,TWN,2009,519.6142366666667,543.18243,495.24048,520.4198,,,0.868,101.703565,98.96756,23164353,,,88.57142857142857,79.35363076559602,60.31671658342872
Taiwan,TWN,2012,535.4195233333334,559.82477,523.1189,523.3149,,6.221,0.872,101.05934,100.10873,23345963,,79.71553049718094,88.9795918367347,78.85097785682173,61.01221344587042
Taiwan,TWN,2015,523.9227,542.3215,497.0991,532.3475,,6.379,0.879,101.37298,103.64269,23529260,,81.7401332649923,89.6938775510204,79.0956936910535,63.16601883156624
Taiwan,TWN,2018,516.49758,531.14355,502.60114,515.74805,,6.446,0.877,101.03288,103.4613,23659308,,82.59866735007688,89.48979591836735,78.83033259163305,63.05546897845207
Taiwan,TWN,2022,533.2139666666667,547.0942,515.1673,537.3804,,6.535,0.855,100.409505,102.33797,23420107,,83.73910814966685,87.24489795918367,78.34394777731013,62.37084487294049
Thailand,THA,2000,430.68387,,430.68387,,2324382.5,,0.528,96.55185,98.09378,63007815,3.6890384153140365,,53.87755102040816,75.33403430484677,59.78418308845048
Thailand,THA,2003,418.4464,416.97797,419.91483,,6032103.5,,0.52,103.66805,101.22678,64868164,9.299019932181215,,53.06122448979592,80.88640906431694,61.69361960538474
Thailand,THA,2006,418.2786133333333,417.0726,416.75177,421.01147,11423484,,0.273,100.2279,71.6778,66567685,17.160704927623666,,27.857142857142858,78.20225150427207,43.68471393983733
Thailand,THA,2009,421.7515466666666,418.58392,421.37442,425.2963,13692327,,0.401,93.13355,77.77659,68121077,20.099986088006215,,40.91836734693878,72.66692508359147,47.40167925586461
Thailand,THA,2012,437.31912666666665,426.7375,441.21994,443.99994,18372778,6.371,0.493,98.18072,86.20475,69436091,26.459983180792822,81.6376217324449,50.30612244897959,76.60495090000403,52.53830117561075
Thailand,THA,2015,415.31041,415.4638,409.13013,421.3373,27733886,6.474,0.124,105.30585,126.03599,70540787,39.31609949290756,82.95745771399282,12.653061224489795,82.1642932414143,76.81382756270698
Thailand,THA,2018,412.41919666666666,418.5555,392.88864,425.81345,40554068,6.008,0.147,106.23297,122.70708,71376081,56.817448411044026,76.9861609431061,15,82.88767337224255,74.78499184116608
Thailand,THA,2022,393.9575466666666,393.94534,378.663,409.2643,49049554,5.843,0.253,105.101105,101.87493,71735321,68.37573641024063,74.87186058431573,25.816326530612244,82.00454211439036,62.08864076033238
Trinidad and Tobago,TTO,2009,413.5643,414.04495,416.45233,410.19562,610897.44,,0.859,100.59165,98.96756,1379056,44.298232994164124,,87.65306122448979,78.48606538229085,60.31671658342872
Trinidad and Tobago,TTO,2015,423.0357,417.2434,427.27325,424.59045,930375.3,6.168,0.857,101.37298,103.64269,1429190,65.09808352983158,79.03639159405434,87.44897959183675,79.0956936910535,63.16601883156624
Tunisia,TUN,2003,366.67781,358.73322,374.6224,,653731.6,,0.284,111.29524,76.05936,10071638,6.49081708456956,,28.97959183673469,86.83748087816187,46.3550971716083
Tunisia,TUN,2006,377.10763,365.47937,380.33682,385.5067,1343620.8,,0.284,107.92708,85.95427,10346408,12.986350431956675,,28.97959183673469,84.20949310802372,52.38564376777107
Tunisia,TUN,2009,391.92588666666666,371.4835,403.63266,400.6615,3628670.2,,0.284,102.45584,88.83684,10650682,34.069838907968524,,28.97959183673469,79.94058907511238,54.142453349839116
Tunisia,TUN,2012,396.6498433333333,387.82462,404.07846,398.04645,4562557,4.826,0.756,105.18863,100.10873,11009649,41.441439232077244,61.84008200922603,77.14285714285715,82.07283300009097,61.01221344587042
Tunisia,TUN,2015,371.4256266666667,366.818,361.0555,386.40338,5302030.5,5.045,0.744,106.85128,85.7816,11402270,46.4997803069038,64.64633521271142,75.91836734693878,83.3701062489925,52.28040840122813
Turkey,TUR,2003,432.19519,423.4194,440.97098,,8363647,,0.566,104.26134,91.82273,67831735,12.329991264413332,,57.75510204081632,81.34932022772523,55.962232284262626
Turkey,TUR,2006,431.63835666666665,423.9412,447.14114,423.83273,12776263,,0.561,104.94374,88.55279,70045351,18.239987119202244,,57.24489795918368,81.88175896411016,53.96933638761915
Turkey,TUR,2009,454.5184833333333,445.45135,464.19437,453.90973,26377186,,0.552,101.92415,80.19074,72464846,36.399975237648334,,56.32653061224491,79.52574096293698,48.87300583338036
Turkey,TUR,2012,462.2962533333333,447.9844,475.49146,463.4129,33936470,5.345,0.425,104.7084,85.02043,75197196,45.129967346122854,68.49051768323936,43.36734693877551,81.69813626155911,51.816506137074015
Turkey,TUR,2015,424.75952,420.45398,428.33508,425.4895,43003600,5.389,0.287,107.29418,107.24319,80014222,53.7449454923151,69.05433111225014,29.28571428571428,83.71567646637949,65.36037765034115
Turkey,TUR,2018,462.47968333333336,453.50778,465.63165,468.29962,59971404,5.373,0.057,100.93125,112.11541,84415966,71.04272668040072,68.8493080471553,5.816326530612245,78.7510363595422,68.32979826525893
Turkey,TUR,2022,461.72453666666667,453.15176,456.08405,475.9378,73733473,4.614,0.076,102.4877,116.04018,87058469,84.6941990215794,59.123526396719626,7.755102040816326,79.96544765972733,70.72178650610417
Ukraine,UKR,2018,462.68512,453.1175,465.95013,468.98773,28279564,4.332,0.561,88.57288,85.83319,45208903,62.55308605917732,55.50999487442338,57.24489795918368,69.10848813771125,52.31185041524302
Ukraine,UKR,2022,439.5198266666667,440.8453,427.52695,450.18723,28279564,5.071,0.512,92.771164,102.33797,41048768,68.89260111290064,64.9794976934905,52.244897959183675,72.38417545884998,62.37084487294049
United Arab Emirates,ARE,2012,441.3604033333333,434.00717,441.70374,448.3703,6372511.5,7.144,0.182,101.05934,100.10873,7497122,84.9994371173365,91.54279856483855,18.571428571428573,78.85097785682173,61.01221344587042
United Arab Emirates,ARE,2015,432.58539,427.48273,433.5423,436.73114,7850500.5,6.573,0.138,101.37298,103.64269,8674633,90.49951162199024,84.22603792926705,14.081632653061227,79.0956936910535,63.16601883156624
United Arab Emirates,ARE,2018,433.45528,434.94727,431.78177,433.6368,9201944,6.825,0.133,105.67536,102.18445,9346870,98.44947025046888,87.4551512045105,13.571428571428573,82.4526013268211,62.2772806552323
United Arab Emirates,ARE,2022,426.81323,431.11047,417.34976,431.97946,11088232,6.571,0.113,107.28743,102.38098,10242085,108.2614721514223,84.20041004613019,11.53061224489796,83.71040981709668,62.397057724709825
United Kingdom,GBR,2000,523.4433,,523.4433,,15840198,,0.93,100.59176,101.20436,59057333,26.8217293185251,,94.89795918367348,78.48615120916804,61.67995552408577
United Kingdom,GBR,2003,507.63543,508.2581,507.01276,,38775540,,0.93,100.59812,102.15703,59820385,64.81994390373784,,94.89795918367348,78.49111356315898,62.260569276587454
United Kingdom,GBR,2006,501.76707,495.44415,495.0835,514.77356,42015332,,0.93,104.35407,98.46828,61051093,68.81995052897743,,94.89795918367348,81.42167228520614,60.01242565965759
United Kingdom,GBR,2009,500.1021233333333,492.4141,494.182,513.71027,52230150,,0.93,105.42124,100.63475,62506222,83.55992144270054,,94.89795918367348,82.25432563559873,61.33280131584736
United Kingdom,GBR,2012,502.46222666666665,493.93423,499.32312,514.12933,55952590,6.883,0.93,105.79597,92.51111,63960488,87.47992979665821,88.19835981547925,94.89795918367348,82.5467065964509,56.381771993655285
United Kingdom,GBR,2015,499.8906466666666,492.47852,497.97192,509.2215,60151692,6.725,0.931,100.20404,125.97684,65382107,92.00023486548086,86.17375704766785,95,78.18363487436272,76.7777780351051
United Kingdom,GBR,2018,503.45516,501.7699,503.9281,504.66748,60539116,7.054,0.891,101.32706,119.9941,66752473,90.69194485124169,90.38954382368016,90.91836734693878,79.05986487104354,73.13154049047591
United Kingdom,GBR,2022,494.34998666666667,488.9751,494.40463,499.67023,70472209,6.796,0.847,102.53523,113.25703,68179315,103.36303466821279,87.08354689902615,86.42857142857143,80.00253267312178,69.02556938446179
United States of America,USA,2000,504.41968,,504.41968,,121260984,,0.925,101.86939,98.09378,281484126,43.07915537659839,,94.38775510204083,79.48301478297736,59.78418308845048
United States of America,USA,2003,489.034315,482.88278,495.18585,,178864910,,0.925,103.66805,101.22678,289908091,61.69710868814627,,94.38775510204083,80.88640906431694,61.69361960538474
United States of America,USA,2006,481.6295,474.35217,,488.90683,205918260,,0.919,102.3109,97.346085,298730208,68.93118087341203,,93.77551020408164,79.82750046073429,59.328493290643536
United States of America,USA,2009,496.40852,487.3965,499.8268,502.00226,218696600,,0.921,101.703565,98.96756,308023452,70.9999834687912,,93.9795918367347,79.35363076559602,60.31671658342872
United States of America,USA,2012,492.11945,481.3668,497.58173,497.40982,236885120,7.082,0.915,101.05934,100.10873,317115349,74.69998558789408,90.7483341875961,93.36734693877553,78.85097785682173,61.01221344587042
United States of America,USA,2015,487.60200333333336,469.62848,496.9351,496.24243,243140960,7.104,0.915,100.29991,97.65255,326126496,74.55418771003507,91.03024090210148,93.36734693877553,78.25843689906556,59.515271286865136
United States of America,USA,2018,495.3258466666667,478.24472,505.35278,502.38004,296521280,6.892,0.908,101.25656,99.27558,335056492,88.49889110639886,88.31368528959509,92.65306122448979,79.00485764520072,60.504442289124896
United States of America,USA,2022,489.4132166666667,464.88803,503.93756,499.41406,335468012,6.894,0.753,96.97173,97.47349,341534041,98.22388743967106,88.33931317273192,76.83673469387755,75.66164329756847,59.40614147431415
Uruguay,URY,2003,428.174825,422.1999,434.14975,,522918.97,,0.957,111.05597,109.80319,3281188,15.93687926446153,,97.65306122448979,86.65079181536173,66.9205938914365
Uruguay,URY,2006,422.4832133333333,426.79904,412.51672,428.13388,967100.06,,0.957,111.68822,102.31828,3289508,29.399535128049546,,97.65306122448979,87.14410129818613,62.35884461599238
Uruguay,URY,2009,426.5838033333333,426.7238,425.81335,427.21426,1383595.9,,0.957,110.8201,89.29288,3310093,41.7993059409509,,97.65306122448979,86.46675558331144,54.42039124616299
Uruguay,URY,2012,412.16113,409.29156,411.3489,415.84293,1816226,6.355,0.957,109.78223,102.97723,3335406,54.45292117361424,81.43259866735008,97.65306122448979,85.65696339202799,62.76044793320714
Uruguay,URY,2015,429.9756566666667,417.99188,436.57214,435.36295,2174727.2,6.545,0.957,109.24047,108.0433,3368022,64.5698632609882,83.8672475653511,97.65306122448979,85.23425821936694,65.84801226622506
Uruguay,URY,2018,423.53063333333336,417.66162,427.1176,425.81268,2740268,6.293,0.965,105.27565,117.76906,3394538,80.72580127251484,80.63813429010763,98.46938775510205,82.14072986240079,71.77546879317639
Uruguay,URY,2022,424.8188466666667,408.71207,430.3597,435.38477,3331561,6.494,0.876,108.82276,121.13793,3390913,98.24967494005303,83.21373654536134,89.38775510204083,84.9083423568591,73.82865851510563
Uzbekistan,UZB,2022,351.4346066666667,363.93536,335.5049,354.86356,,6.014,0.3,93.90998,97.37798,34938953,,77.06304459251666,30.612244897959183,73.27273019509697,59.34793200041296
Vietnam,VNM,2012,515.9935,511.3382,508.219,528.4233,32939788,5.533,0.316,102.054955,100.10873,89510355,36.79997470683699,70.89953869810354,32.244897959183675,79.62780082359471,61.01221344587042
Vietnam,VNM,2015,501.9788666666667,494.5183,486.77377,524.64453,41770444,5.061,0.303,103.27837,89.454834,92823254,44.99997813048011,64.85135827780624,30.918367346938773,80.58236345060872,54.519095645034234
Vietnam,VNM,2022,467.8904533333333,469.40244,461.88797,472.38095,62375308,5.763,0.315,104.129395,93.412346,99680656,62.575137948530354,73.84674525884162,32.142857142857146,81.24637088852195,56.93103880781927
